"id","guild","title","date","realm","region","faction"
HAthgpnr2PyqcMGN,É Foda Bê,Trial of the Crusader,2023-08-20 16:24:52.819,benediction,us,alliance
KfNW64rZYgjp7QVa,É Foda Bê,algum corno nao subiu log,2023-08-13 21:46:22.466,benediction,us,alliance
BhR8Gv6KygJ4NAXn,É Foda Bê,algum corno nao subiu log,2023-08-10 20:54:28.361,benediction,us,alliance
P4FRrbC7DQKtYBWz,É Foda Bê,Trial of the Crusader,2023-08-17 20:38:14.754,benediction,us,alliance
MNwbta2pYFJk3WcQ,É Foda Bê,Trial of the Crusader,2023-08-17 22:26:00.919,benediction,us,alliance
F6Nmp74DKXPzWj8A,É Foda Bê,Ulduar,2023-08-16 23:05:40.114,benediction,us,alliance
"9KNyXZa8db4Q1Vvc",É Foda Bê,Trial of the Crusader,2023-08-16 20:34:29.042,benediction,us,alliance
TxRCPMfAp47KVbYQ,É Foda Bê,Trial of the Crusader,2023-08-13 23:30:03.178,benediction,us,alliance
"8X1jAqtxRN9MkvcG",É Foda Bê,Trial of the Crusader,2023-08-13 22:52:21.925,benediction,us,alliance
JNcV2Q867ZpgLmPC,É Foda Bê,Trial of the Crusader,2023-08-10 20:38:30.916,benediction,us,alliance
xwDCf2hGFzN6KWHB,É Foda Bê,Trial of the Crusader,2023-08-09 20:29:35.598,benediction,us,alliance
fHX2AJ6pb1mvzr8j,É Foda Bê,Ulduar,2023-08-09 21:33:33.070,benediction,us,alliance
wKvx18C4Th3GPfzQ,É Foda Bê,Trial of the Crusader,2023-08-09 20:36:32.868,benediction,us,alliance
qnaAyHv6hdDtN3Zb,P R O J E T O,Ulduar 25,2023-08-22 21:15:06.101,faerlina,us,horde
"9Bk2RaqDTt7FJvcg",P R O J E T O,TOGC 25 H,2023-08-22 19:31:41.360,faerlina,us,horde
pHfRrdczJ71bZ6PM,P R O J E T O,TOGC10 H ALT,2023-08-17 21:09:40.237,faerlina,us,horde
wJhj27v4KBqQCdbT,P R O J E T O,TOGC10 H,2023-08-17 20:27:06.983,faerlina,us,horde
MxArZk96KRQjWtvG,P R O J E T O,ALT RUN,2023-08-16 21:04:52.734,faerlina,us,horde
fNd4ryHZtWAzkpDF,P R O J E T O,TOGC25 H,2023-08-15 19:46:19.351,faerlina,us,horde
zqVJAdtKZH92avBW,P R O J E T O,TOGC25 H,2023-08-15 19:46:19.351,faerlina,us,horde
LTfcMXx42dmKDzja,P R O J E T O,ToC10H 2,2023-08-09 21:12:44.319,faerlina,us,horde
darT2xv3wzn8LqmZ,P R O J E T O,ToC10H,2023-08-09 20:06:22.641,faerlina,us,horde
qL64BYKVarZGJbQw,DAMNATlON,toc3,2023-08-22 22:37:15.980,faerlina,us,horde
jca92gr4JkCfmDY3,DAMNATlON,toc2,2023-08-22 21:47:30.088,faerlina,us,horde
w3H6mZqFRt9PJfLc,DAMNATlON,toc1,2023-08-22 20:56:23.981,faerlina,us,horde
ByXh9ZKNLT6Qagm7,DAMNATlON,toc25,2023-08-22 20:55:01.460,faerlina,us,horde
J79ChDZF1Vkqpvjn,DAMNATlON,ulduar,2023-08-16 20:34:44.848,faerlina,us,horde
BPFWMH3GfhbQ8KCn,DAMNATlON,toc3,2023-08-15 22:43:39.170,faerlina,us,horde
tpBVZqjvW7GYCmAK,DAMNATlON,toc2,2023-08-15 21:50:52.500,faerlina,us,horde
vPxzJrMHdZ1jywhf,DAMNATlON,toc1,2023-08-15 20:56:24.375,faerlina,us,horde
Bcja1pCqd3bzx6Tf,DAMNATlON,toc25,2023-08-15 20:44:13.308,faerlina,us,horde
Kjr27J4qghV3w6RL,DAMNATlON,ulduar,2023-08-09 20:28:03.004,faerlina,us,horde
p7dhvGfWzQKwnNqR,Posto Ipiranga,ToGC 25 Split 2 - Week 10,2023-08-22 21:59:28.610,faerlina,us,horde
j8NBPrJYKh7gD31a,Posto Ipiranga,ToGC 25 Split 1 - Week 10,2023-08-22 20:54:57.564,faerlina,us,horde
myMB1KkAF89TdrRV,Posto Ipiranga,Alt ToGC 10m,2023-08-17 21:04:12.889,faerlina,us,horde
wbkanG4CK6HJ1tzd,Posto Ipiranga,ToGC Week 9 - Split 3,2023-08-16 20:57:54.453,faerlina,us,horde
W3vzbpQRCjm72wKY,Posto Ipiranga,Split 2 Ulduar15/058,2023-08-15 22:03:35.561,faerlina,us,horde
tx3TqbJZYpVBGPcC,Posto Ipiranga,ToGC Week 9 - Split 2,2023-08-15 22:03:35.561,faerlina,us,horde
p6Vbx1hJyQwa9fDN,Posto Ipiranga,ToGC Week 9 - Split 1,2023-08-15 20:57:11.317,faerlina,us,horde
wT4ynN1aD37cXJp2,Posto Ipiranga,ToGC 25m HC - Alt Run,2023-08-14 21:13:47.810,faerlina,us,horde
AQhc1dHrjqKMz6FP,Posto Ipiranga,ToGC 10m HC,2023-08-10 21:48:10.167,faerlina,us,horde
nr8DHtFL4BGgqXfd,Posto Ipiranga,ToGC 10m HC,2023-08-10 21:15:22.762,faerlina,us,horde
JcwRxNnVp94GLMZW,Posto Ipiranga,ToGC 25 HC Split 2 - Week 8,2023-08-09 20:05:15.006,faerlina,us,horde
kNVvJgn4jmxFXMwa,Blood Fury,Ulduar 22/08,2023-08-22 21:43:39.922,faerlina,us,horde
T26ARdVmr84KYpxj,Blood Fury,Split 2 22/08,2023-08-22 20:45:28.169,faerlina,us,horde
CBknF6aLPNzYAKpG,Blood Fury,Split 1 22/08,2023-08-22 20:02:24.154,faerlina,us,horde
Rt7rKJnCLPQ8FGVB,Blood Fury,Split 2 15/08,2023-08-15 22:27:46.267,faerlina,us,horde
HaNYKyhqjQDbF1CA,Blood Fury,Split 1 15/08,2023-08-15 21:35:53.840,faerlina,us,horde
j8DxYdnCZcP6hwAm,Blood Fury,Ulduar 15/08,2023-08-15 20:26:24.102,faerlina,us,horde
m3v1pKgxWQXJT8wM,Gratz,"25m dos mains do comets do fitpix",2023-08-22 18:59:51.963,faerlina,us,horde
Vjt4JMqrYQfA9yZC,Gratz,"25m dos alts do comets do baiano",2023-08-22 18:04:22.916,faerlina,us,horde
wQfDZtmC6PjbBXrY,Gratz,"25m dos alts",2023-08-15 18:10:23.465,faerlina,us,horde
"9WJrDgKQAGvC1yzX",Gratz,"25m dos mains",2023-08-15 19:15:12.312,faerlina,us,horde
bhCDz3XxBpVMdHj7,PAF,Trial of the Crusader,2023-08-22 22:57:43.184,benediction,us,alliance
"2WKfrZzT71M4RqyF",PAF,Trial of the Crusader,2023-08-22 23:03:07.010,benediction,us,alliance
raWLyjcpBD1wqhFP,PAF,Toc 25 Alts,2023-08-21 20:38:16.561,benediction,us,alliance
gkQBc1VZyG2j8rp7,PAF,Raid Y,2023-08-20 21:31:05.333,benediction,us,alliance
x4fbAWX1GqJB6n8v,PAF,Raid Y,2023-08-20 20:13:09.533,benediction,us,alliance
HxMRL94VhDbKnCfm,PAF,Raid Y,2023-08-20 19:10:50.684,benediction,us,alliance
Xm93q4xkGcDybPQM,PAF,Toc 25 hc Raid X,2023-08-20 20:06:21.265,benediction,us,alliance
rfYkKTMqQLaj4JZz,PAF,Raid Y,2023-08-20 18:58:38.629,benediction,us,alliance
cKFhN1ZRgdxX3nmp,PAF,Toc 25 hc Raid Y,2023-08-20 18:58:34.258,benediction,us,alliance
"2FbZJkta1PXxKNAL",PAF,Toc 10 Grupo 4,2023-08-16 23:10:33.870,benediction,us,alliance
qLBPXb2VYdkyhgNF,PAF,Toc 10 Grupo 2,2023-08-16 21:42:11.829,benediction,us,alliance
bqnF19NwHpQMx8gB,PAF,Trial of the Crusader,2023-08-15 23:25:51.798,benediction,us,alliance
mayCvT3GdAHwZYfr,PAF,raid alts segunda,2023-08-14 21:30:49.493,benediction,us,alliance
"4CTPB3wjDHN7qcpd",PAF,Toc 25 Alts,2023-08-14 20:50:53.820,benediction,us,alliance
aAqz91BxPhwHFGDZ,PAF,Toc 25 VV,2023-08-13 21:20:13.337,benediction,us,alliance
PdtQzxXjv28rZ73c,PAF,Log raid X,2023-08-13 19:50:23.160,benediction,us,alliance
"46jBYpDrRayJvh7V",PAF,Toc 25 W,2023-08-13 19:43:27.943,benediction,us,alliance
"1txDw3jJKBnkz6HT",PAF,Raid 10 grupo 4,2023-08-09 23:06:18.990,benediction,us,alliance
"8nQy4cYqjg17pt39",PAF,Raid 10 Grupo 3,2023-08-09 22:22:11.139,benediction,us,alliance
tNB4acCqfbvRTkD2,PAF,Raid 10 grupo 2,2023-08-09 21:42:05.670,benediction,us,alliance
AJGbd172ZP8KMnRk,CangaceirøS,RAIDTOC25_22082023,2023-08-22 22:35:32.317,faerlina,us,horde
"7N1nA4XfWPM9FYpx",CangaceirøS,RAID25_22082023,2023-08-22 20:50:07.868,faerlina,us,horde
gTzFxMrwKvbn9qfG,CangaceirøS,TOC10_16082023,2023-08-16 21:28:26.055,faerlina,us,horde
fbjPVH4Yz6rA73pL,CangaceirøS,RAID25_TOC_15082023,2023-08-15 22:34:41.985,faerlina,us,horde
vkJDrRTz6Ntc3Pwp,CangaceirøS,RAID25_TOC_15082023,2023-08-15 20:50:24.158,faerlina,us,horde
prBGw4KPazV6QTxj,CangaceirøS,RAID25_15082023,2023-08-15 20:50:24.158,faerlina,us,horde
Jc8kTKhdZfn614Wp,CangaceirøS,TOC10_10082023,2023-08-10 22:34:55.969,faerlina,us,horde
q1fhZymHV4KQRCx6,CangaceirøS,RAID25_ANUB10082023,2023-08-10 21:11:41.246,faerlina,us,horde
ZPqDgb9TKamr1Ww7,Popcorn Lil Sacks,CONE CORE - 22/08,2023-08-22 19:45:27.724,faerlina,us,horde
F6QgAKjtk3dy8Mq7,Popcorn Lil Sacks,RAID - 17/08,2023-08-17 21:08:00.805,faerlina,us,horde
azvWt9pMCXKTdZH3,Popcorn Lil Sacks,CORE LIL PUMP - 15/08,2023-08-15 19:49:31.728,faerlina,us,horde
GJj6AFYcr1zQCakB,Popcorn Lil Sacks,Core 4! CRIME CORE,2023-08-14 20:00:12.938,faerlina,us,horde
LFD1YcmRPyktwxJQ,Popcorn Lil Sacks,Amigos do uvokin,2023-08-13 00:14:24.926,faerlina,us,horde
Tt9DdAr7np8hWBxz,Popcorn Lil Sacks,CORE 2 - 10/08,2023-08-10 19:59:45.201,faerlina,us,horde
QcTwJxzqXaytj13R,Popcorn Lil Sacks,reabilitacao core 10/08,2023-08-10 21:10:05.570,faerlina,us,horde
R8mqdx7FXQpYfKtC,crimes,<crimes> 10M Ticket 21/08,2023-08-21 16:02:31.178,faerlina,us,horde
"1CnYfqJMRX7Gvz8p",crimes,<crimes> 10M Ticket 17/08,2023-08-17 21:59:00.405,faerlina,us,horde
trh91bgamqRTd7pK,crimes,<crimes> 10M Ticket 14/08,2023-08-14 16:33:36.022,faerlina,us,horde
frwAckPpDRHv8aTh,Return of the Empire,TOC 25 + ULD SKIP - CORE 1,2023-08-22 21:12:51.783,faerlina,us,horde
Df1AaQtpFHNjTxLz,Return of the Empire,core 1,2023-08-22 19:31:59.292,faerlina,us,horde
zDnNGwr2vfC6V1Ad,Return of the Empire,CORE 2 - TOC 25,2023-08-17 21:37:49.483,faerlina,us,horde
fr1mGBcDV4kdjn9L,Return of the Empire,CORE 2,2023-08-17 20:15:08.585,faerlina,us,horde
djTmkawzYF6c8LPQ,Return of the Empire,CORE 2,2023-08-17 20:15:01.209,faerlina,us,horde
Bf8FTCKanG79y6jx,Return of the Empire,Ulduar,2023-08-16 22:06:41.863,faerlina,us,horde
"7bVQ6pHyRaBkXY3W",Return of the Empire,ULduar .....................,2023-08-15 20:54:13.067,faerlina,us,horde
Vng9Z4m7avkWPHpF,Return of the Empire,core 1,2023-08-15 19:49:19.807,faerlina,us,horde
FNmDfvbcKLrMytWa,Return of the Empire,Uld 10 man,2023-08-14 21:51:58.071,faerlina,us,horde
LtbVvzaBGqZXNC7m,Return of the Empire,Trial of the Crusader,2023-08-13 22:13:49.357,faerlina,us,horde
YxANa9zDJTvtmfyX,Return of the Empire,Trial of the Crusader,2023-08-11 23:04:02.443,faerlina,us,horde
cmgxP6VaM47Ct8LJ,Return of the Empire,Ulduar 25 Core 2,2023-08-10 21:14:35.776,faerlina,us,horde
ZDzRPFwG1JmbQBav,Return of the Empire,ToC 25 Core 2,2023-08-10 20:05:16.140,faerlina,us,horde
h3PqXfp4TxrGakFj,Return of the Empire,ToC 25,2023-08-10 19:59:18.866,faerlina,us,horde
dPmnNGf4ZcCj9Q6D,Return of the Empire,TOC 10 - CORE 4,2023-08-09 23:17:54.648,faerlina,us,horde
"67KAfPwdkJygVQFW",Return of the Empire,TOC 10 CORE 3,2023-08-09 22:36:50.762,faerlina,us,horde
LDYQpRvdg1Xj4TxW,Wipe Insano,Trial of the Crusader,2023-08-22 20:30:33.894,benediction,us,alliance
zM7mC319VkvQ6xnW,Wipe Insano,ToGC 10 W.I.,2023-08-22 23:00:31.037,benediction,us,alliance
JcLwHAr4VvPhKgWC,Wipe Insano,ToGC 10 W.I.,2023-08-15 22:47:27.341,benediction,us,alliance
BG7XJxbDCaYkN1tR,Wipe Insano,ToGC 25 W.I.,2023-08-15 20:39:32.858,benediction,us,alliance
mZ4GfrQhRyTYwBtJ,Wipe Insano,Ony 10 W.I.,2023-08-10 21:22:31.185,benediction,us,alliance
KX6TAJqpBMGcbwtD,Wipe Insano,ToGC 10 W.I.,2023-08-10 20:34:46.391,benediction,us,alliance
zw3n1TNpgD2XhatY,Toxic Behavior,TOGC + ULD 25,2023-08-22 20:55:23.684,benediction,us,alliance
CxYQRgvzKNyWDfBj,Toxic Behavior,ulduar 10 eterna,2023-08-19 15:58:39.950,benediction,us,alliance
XgKNkHbMxAD4BGFC,Toxic Behavior,ONYXYA 25,2023-08-19 00:34:05.402,benediction,us,alliance
YZBjrQRf9AcFh7nt,Toxic Behavior,togc 25 full normal,2023-08-17 20:56:39.929,benediction,us,alliance
hjNvZa8Hz6JRb4d3,Toxic Behavior,togc 10,2023-08-16 21:49:17.892,benediction,us,alliance
YXN8QkF7VG9ZMnry,Toxic Behavior,resto de ulduar,2023-08-16 20:56:37.858,benediction,us,alliance
CdnAPGMJVXHkTFhj,Toxic Behavior,togc + ulduar 25,2023-08-15 20:42:44.866,benediction,us,alliance
yxAaM62r7QdhwCng,Toxic Behavior,togc 25,2023-08-09 22:03:56.443,benediction,us,alliance
RV7TFpj6MayLfXBn,Toxic Behavior,togc 25,2023-08-09 22:03:56.443,benediction,us,alliance
"9HBRYGCrywcXaD26",CORE B,Trial of the Crusader,2023-08-22 20:50:40.665,faerlina,us,horde
"7pPMNXrVawftKgcn",CORE B,Trial of the Crusader,2023-08-17 20:28:42.858,faerlina,us,horde
bfk37NAMzQpwv8yF,CORE B,Ulduar,2023-08-16 21:14:30.262,faerlina,us,horde
nwaCfxAyND46kY2F,CORE B,Ulduar,2023-08-16 21:14:30.262,faerlina,us,horde
xAjdXGg6C7zQL1bB,CORE B,Unknown Zone,2023-08-16 22:58:58.737,faerlina,us,horde
Y9f8Zc7NpA461yKV,CORE B,Trial of the Crusader,2023-08-11 22:39:12.528,faerlina,us,horde
qTny3GpRa2xw8rhK,U P D A T I N G,Trial of the Crusader,2023-08-20 15:07:18.115,faerlina,us,horde
vBT3jPCDN9MrfkmV,U P D A T I N G,Trial of the Crusader,2023-08-20 16:03:40.790,faerlina,us,horde
m4xt6vNhqyBMf8ZR,U P D A T I N G,Trial of the Crusader,2023-08-19 13:45:44.640,faerlina,us,horde
TdXx4NBnAJCwypPh,U P D A T I N G,Trial of the Crusader,2023-08-15 20:13:27.305,faerlina,us,horde
brBk4xV8nKQmCYJP,U P D A T I N G,Trial of the Crusader,2023-08-15 19:05:48.821,faerlina,us,horde
C47ZpGKB1PWwXFaM,U P D A T I N G,Trial of the Crusader,2023-08-12 13:58:36.589,faerlina,us,horde
QBgC4XqRf8xHDdW1,U P D A T I N G,Trial of the Crusader,2023-08-09 19:52:23.615,faerlina,us,horde
HJzyKPTt2hfgvZ3x,U P D A T I N G,Trial of the Crusader,2023-08-09 20:30:28.967,faerlina,us,horde
"4P1nrxz3ajMLNAV7",Confia,"25",2023-08-21 20:14:34.470,faerlina,us,horde
Xz7mcNQTrG6j1Rnq,Confia,Trial of the Crusader,2023-08-19 20:40:17.624,faerlina,us,horde
Argfqn1yhKbCGmka,Confia,Trial of the Crusader,2023-08-19 20:06:14.480,faerlina,us,horde
mPXQAbfZck1GFwtv,Confia,ToGC25,2023-08-16 20:23:13.452,faerlina,us,horde
pxdMhNCc8HtXmgJQ,Confia,Anub25,2023-08-14 20:21:41.612,faerlina,us,horde
JW6t7yRMaQdfCcPX,Confia,ToGC25,2023-08-09 20:21:33.191,faerlina,us,horde
LYXHB46pmjtdVAGF,Teleton,Naxx / Sarth / Maly,2023-08-23 00:08:56.631,faerlina,us,horde
t2Zz6M3JXnm4RGyY,Teleton,Trial of the Crusader,2023-08-22 20:29:14.154,faerlina,us,horde
qmn3GR7DMPvpZKAz,Teleton,Trial of the Crusader,2023-08-22 19:58:35.161,faerlina,us,horde
GhYqHf4vaBNXTrpF,Teleton,Trial of the Crusader,2023-08-22 19:56:04.833,faerlina,us,horde
T4tr6PHKfMYpwvCJ,Teleton,Ulduar,2023-08-20 19:56:26.042,faerlina,us,horde
aPB6mxgXJ7czd9qC,Teleton,Trial of the Crusader,2023-08-19 16:03:27.162,faerlina,us,horde
YxafAvWdLCtZhKVr,Teleton,Trial of the Crusader,2023-08-19 15:12:03.140,faerlina,us,horde
gfKYzXZ7qH6JbAcd,Teleton,Ulduar,2023-08-18 21:45:51.222,faerlina,us,horde
jbG7nNh1R6Ddtakp,Teleton,Unknown Zone,2023-08-18 21:33:08.619,faerlina,us,horde
BHAvDhf6Y72FzaLc,Teleton,Trial of the Crusader,2023-08-18 20:08:30.299,faerlina,us,horde
"8BMc1jKmaTZCvA7x",Teleton,Trial of the Crusader,2023-08-17 20:09:42.386,faerlina,us,horde
JRWnPzB3jwFc67QD,Teleton,Trial of the Crusader,2023-08-16 21:07:00.488,faerlina,us,horde
vbakLnR39QWtgyZN,Teleton,TOC 10HC,2023-08-16 19:40:04.847,faerlina,us,horde
"6YrTMgNDn321f7Q8",Teleton,Trial of the Crusader,2023-08-16 19:28:58.758,faerlina,us,horde
"9RncVmQxYLzZDGaT",Teleton,Trial of the Crusader,2023-08-16 19:30:02.953,faerlina,us,horde
wF2ZC8cqV9GyQPgY,Teleton,Trial of the Crusader,2023-08-15 19:56:26.028,faerlina,us,horde
"27bNxtjTcwrmkZV4",Teleton,TOC 25 HC,2023-08-15 20:11:01.071,faerlina,us,horde
YhkA9MBx4m2w3Lb7,Teleton,Trial of the Crusader,2023-08-15 20:09:05.716,faerlina,us,horde
VZXh9fjCbkHatcyQ,Teleton,Trial of the Crusader,2023-08-14 17:41:22.774,faerlina,us,horde
hGvWFnLfTagM6y1A,Teleton,Ulduar,2023-08-11 18:41:54.806,faerlina,us,horde
dJRThWD9p4vxV78m,Teleton,Trial of the Crusader,2023-08-11 20:14:06.155,faerlina,us,horde
qGnmQd3L6ztPg9YD,Teleton,Unknown Zone,2023-08-11 21:23:13.464,faerlina,us,horde
MFW7PQKHhRtJgckf,Teleton,Trial of the Crusader,2023-08-10 20:27:56.812,faerlina,us,horde
FakWAPvGnYjZKrTm,Teleton,Trial of the Crusader,2023-08-09 21:13:25.143,faerlina,us,horde
T4FcLMw2rNby6Pqm,Teleton,Trial of the Crusader,2023-08-09 21:02:20.571,faerlina,us,horde
"2MBJxTb71kzQac68",Teleton,Trial of the Crusader,2023-08-09 20:00:30.787,faerlina,us,horde
YJX7V9drGm3FpCK6,Long Live RocknRoll,ToC Raid 2,2023-08-17 21:15:20.905,faerlina,us,horde
H3cjLTWNd6Mm1rGX,Long Live RocknRoll,Raid 2 17/08,2023-08-17 20:54:35.317,faerlina,us,horde
ZfXWRQbVcGrY4kvD,Long Live RocknRoll,Raid 1 16/08,2023-08-16 21:02:18.727,faerlina,us,horde
TxFn6MDHqzp2NKZ8,Long Live RocknRoll,ToC Raid 3,2023-08-14 20:42:09.109,faerlina,us,horde
HaZnj1rh9C6fqTDJ,Long Live RocknRoll,Raid 2 10/08,2023-08-10 21:55:13.780,faerlina,us,horde
nAkDgQhf6TcvC9tV,Long Live RocknRoll,Raid 1 09/08,2023-08-09 20:31:05.968,faerlina,us,horde
gRt2PpQzHwM6a4J9,É Foda Bê,Trial of the Crusader,2023-08-23 23:20:06.657,benediction,us,alliance
pgHx4jAa7NcJnBWm,É Foda Bê,Trial of the Crusader,2023-08-23 23:20:06.657,benediction,us,alliance
DXqC7B6y1haYNHVb,DAMNATlON,ulduar sr,2023-08-23 23:22:29.727,faerlina,us,horde
My3vwV8XRA9PNCFT,Posto Ipiranga,ToGC 25 split 4 - Week 10,2023-08-24 01:07:41.344,faerlina,us,horde
BqFkTnZV9tYAc6fj,Posto Ipiranga,ToGC 25 split 3 - week 10,2023-08-23 23:50:41.860,faerlina,us,horde
KRGWgpr3fw9bQtJd,PAF,Toc 10 grupo 4,2023-08-24 02:12:25.134,benediction,us,alliance
ANDHjxhzPCgrF1Rf,PAF,Toc 10 grupo 3,2023-08-24 01:24:35.554,benediction,us,alliance
drPwyzKD1MQtn9qW,PAF,Raid  10 men 1,2023-08-23 23:48:39.441,benediction,us,alliance
AWR8ZXqQBNjpTrY3,CangaceirøS,TOC 25,2023-08-23 01:54:14.261,faerlina,us,horde
"2XDa6hBcGPdkxHT8",Toxic Behavior,TOGC 10,2023-08-23 23:38:19.850,benediction,us,alliance
bm7YLh3ZytrPzvdA,CORE B,Trial of the Crusader,2023-08-23 23:31:45.601,faerlina,us,horde
F23ZmJXfncbkvHhx,Confia,ToGC+Alga25,2023-08-23 23:31:33.529,faerlina,us,horde
ZvWthNm1yVxCJDj2,Teleton,Trial of the Crusader,2023-08-24 00:31:44.057,faerlina,us,horde
NRgnmB8YKPr9JHTZ,Teleton,Trial of the Crusader,2023-08-23 22:56:52.282,faerlina,us,horde
cLfg1HVmXvAxjJkR,Long Live RocknRoll,Raid 1 split,2023-08-24 01:24:22.507,faerlina,us,horde
"3kvhtfcx6FBdTVmj",Long Live RocknRoll,Raid 1,2023-08-23 23:20:48.729,faerlina,us,horde
TNRjcnXwgLVFACtm,P R O J E T O,ToGC 25m dos Alts,2023-08-23 23:50:56.112,faerlina,us,horde
xRZHXk2MtbhTf4DW,P R O J E T O,TOGC25 H ALT RUN,2023-08-23 22:44:56.551,faerlina,us,horde
CftA12r7VgqFdPvY,É Foda Bê,Trial of the Crusader,2023-08-25 00:13:17.822,benediction,us,alliance
"1cg93qTBnMAJfNGY",Posto Ipiranga,Week 10 ToGC 10m - Multiple,2023-08-25 00:44:17.516,faerlina,us,horde
DKRqx4PhbcapYNdf,PAF,Trial of the Crusader,2023-08-24 23:28:19.998,benediction,us,alliance
QtrfXdgAjMFwq9Zh,CangaceirøS,TOC10VAEL_24082023,2023-08-25 00:15:17.075,faerlina,us,horde
m4KWhg7zdFM3GAnT,CangaceirøS,TOC10NAZA,2023-08-24 23:57:14.880,faerlina,us,horde
XJW7zFLnAMNRyjkv,Popcorn Lil Sacks,RAID (CORE3) - 24/08,2023-08-25 00:08:04.723,faerlina,us,horde
yfrW29VxK6XndZbY,Popcorn Lil Sacks,RAID (CORE2) - 24/08,2023-08-24 23:00:11.745,faerlina,us,horde
TgJfNj6G7Pc4wmaQ,Popcorn Lil Sacks,Trial of the Crusader,2023-08-24 22:49:51.037,faerlina,us,horde
wjMRt8gPkCpcQzfJ,Return of the Empire,CORE 2,2023-08-24 22:47:25.431,faerlina,us,horde
Ab3Yatv8VgKFrqDM,Toxic Behavior,togc 25 dos alts e trials,2023-08-24 23:56:34.635,benediction,us,alliance
"8j46p31DMvAGQLkq",CORE B,Trial of the Crusader,2023-08-25 00:48:41.816,faerlina,us,horde
CWAMDyqxGXn3fQ9k,Teleton,TOGC 25 HC 24-08,2023-08-24 22:54:16.937,faerlina,us,horde
AYgbjHLQWZzGvRd4,Teleton,Trial of the Crusader,2023-08-24 23:14:43.101,faerlina,us,horde
KHh87Jw4VPYG9jdM,Long Live RocknRoll,Toc Raid n sei,2023-08-25 00:29:24.579,faerlina,us,horde
fMh7cCTKbQn9m4aL,P R O J E T O,ToGC 10m Alts,2023-08-25 00:37:48.768,faerlina,us,horde
mzjhyXKJdL12aw9r,P R O J E T O,ToGC 10m,2023-08-24 23:26:28.118,faerlina,us,horde
tdmFQRpYzADqC8va,Return of the Empire,Trial of the Crusader,2023-08-26 02:05:43.249,faerlina,us,horde
DLMGwcC7kzFtX2H9,CORE B,Trial of the Crusader,2023-08-26 23:11:57.695,faerlina,us,horde
XMDghz1VALvKGNB6,U P D A T I N G,TOC 25 - 26/06,2023-08-26 17:05:06.806,faerlina,us,horde
X2ACKQ8JYzHNy9FD,U P D A T I N G,TOC 25 - 26/06,2023-08-26 17:05:06.806,faerlina,us,horde
"7RG3gLmkKFz6WTZN",U P D A T I N G,TOC 25 - 26/06,2023-08-26 17:05:06.806,faerlina,us,horde
"6qKQvmycgDFbrZYj",U P D A T I N G,TOC 25 - 26/06,2023-08-26 16:51:50.612,faerlina,us,horde
VZ2hX8Rxrjwkyp6F,U P D A T I N G,TOC 25 - 26/06,2023-08-26 16:51:50.612,faerlina,us,horde
z9bxWpgFNV2ktc6y,U P D A T I N G,TOC 25 - 26/06,2023-08-26 16:51:50.612,faerlina,us,horde
T8B6YxrXyCj3dA2m,U P D A T I N G,TOC 25 - 26/06,2023-08-26 16:52:43.422,faerlina,us,horde
qhL6ZGwBgVYnrtya,Teleton,Trial of the Crusader,2023-08-26 19:34:46.378,faerlina,us,horde
jNFntvqmKLABp3cg,Teleton,Trial of the Crusader,2023-08-25 22:56:03.250,faerlina,us,horde
CyjpYGTg1JcPNLMB,É Foda Bê,Trial of the Crusader,2023-08-27 15:25:52.078,benediction,us,alliance
x2VPvdTD7wbXcFBz,PAF,Toc 25 + Ulduar skip,2023-08-27 20:23:13.368,benediction,us,alliance
RC4F2vNh18GcWnAg,PAF,Toc 25 raid Y,2023-08-27 20:23:13.368,benediction,us,alliance
N3hBv9T4xLyDfnqp,PAF,Raid X,2023-08-27 18:57:19.322,benediction,us,alliance
FWvRMpaG16Vm4dAf,PAF,Toc 25 raid X,2023-08-27 18:54:02.389,benediction,us,alliance
rxVacX8bfHmFjNY4,U P D A T I N G,Trial of the Crusader,2023-08-27 15:01:49.251,faerlina,us,horde
MkgRbqcd1PwpnjFB,Teleton,Ulduar,2023-08-27 21:02:48.930,faerlina,us,horde
hMqCbFmYgGJ7LvfW,Teleton,Ulduar 25n,2023-08-27 21:28:30.010,faerlina,us,horde
fTKZrNV2JWmjHAGa,Teleton,Ulduar 25n,2023-08-27 21:27:58.399,faerlina,us,horde
TVQKzdb1nZgRmyW7,Teleton,Ulduar 25n,2023-08-27 21:24:16.789,faerlina,us,horde
RqyaY3j6VJHWvr2f,Teleton,Ulduar 25n,2023-08-27 21:22:38.932,faerlina,us,horde
xV8rtT7amvHJ2DBP,Teleton,Ulduar 25n,2023-08-27 20:34:47.504,faerlina,us,horde
"2DbLvXkWqjN8FM3V",Teleton,Unknown Zone,2023-08-27 20:33:46.015,faerlina,us,horde
yh7qbPCLQFfJcTG6,Teleton,Unknown Zone,2023-08-27 20:11:43.201,faerlina,us,horde
F9BfRdqJQw21AKz6,P R O J E T O,ToGC 10m de alts,2023-08-27 20:40:20.834,faerlina,us,horde
MVmpja976AQq1L4W,Posto Ipiranga,"10man Ulduar do crime, praticamente uma quadrilha",2023-08-29 00:17:29.809,faerlina,us,horde
b9tTmjAH3ragzNRY,PAF,Raid de alts ,2023-08-28 23:53:24.597,benediction,us,alliance
X3PLzg4yjxqDThfr,PAF,Ulduar Skip Alts,2023-08-29 01:26:37.685,benediction,us,alliance
XvbjGHyKZYLfVgD1,PAF,Toc 25 Alts CLOAk,2023-08-28 23:58:31.960,benediction,us,alliance
"4az7tFJrk9My8NBT",Confia,Ulduar,2023-08-28 23:39:18.371,faerlina,us,horde
jzHtWPRBdwKYbN1D,PAF,Trial of the Crusader,2023-08-29 00:16:23.615,benediction,us,alliance
zhBNrc1a4ng8dAKT,DAMNATlON,ptr,2023-08-29 23:59:16.957,faerlina,us,horde
xAaF3B2wcjKpghdZ,DAMNATlON,ptr,2023-08-27 19:25:52.974,faerlina,us,horde
B2YZp3gQdTfkCPha,CangaceirøS,RAID25ULDUAR_29082023,2023-08-30 00:02:15.954,faerlina,us,horde
"9kzM8yGNJDpTYCgr",Popcorn Lil Sacks,RAID (CORE1) - 29/08,2023-08-29 22:49:44.831,faerlina,us,horde
dGM97gDKqw68VTAk,Return of the Empire,TOC CANSADA,2023-08-30 02:39:39.928,faerlina,us,horde
Lm3Wzq1t6jfJT8Fk,Return of the Empire,core 1,2023-08-29 22:33:08.388,faerlina,us,horde
fNA6jQM9yan7KLTY,Wipe Insano,ToGC 10 W.I.,2023-08-30 01:40:35.994,benediction,us,alliance
PfcTkdvB1GMm9Yzq,Wipe Insano,ToGC 25 W.I.,2023-08-29 23:47:05.986,benediction,us,alliance
Xp89mdPQTa7NZjxf,Toxic Behavior,TOGC 25 + ULDUAR,2023-08-29 23:53:04.211,benediction,us,alliance
nJFrtxbXTBaQDVRM,CORE B,Trial of the Crusader,2023-08-29 23:39:37.564,faerlina,us,horde
Vwb8T2kc4CWqt63H,Teleton,Trial of the Crusader,2023-08-29 22:59:33.690,faerlina,us,horde
DLmj1BVQZMX9WR2x,INSS,"10 man inss core 1",2023-08-29 23:31:47.931,faerlina,us,horde
J8NrHAbFYq9GVnc3,P R O J E T O,TOGC25 H,2023-08-29 22:31:44.386,faerlina,us,horde
wXZrzDJ1fvm4Cnad,É Foda Bê,Trial of the Crusader,2023-08-30 23:28:19.591,benediction,us,alliance
QxhqA4yMnjCrZRTg,DAMNATlON,PTR2,2023-08-31 00:49:46.168,faerlina,us,horde
kq1QmMTCw49FLRKy,DAMNATlON,PTR2,2023-08-29 23:59:16.957,faerlina,us,horde
DL7xZRvNrJT18CgW,DAMNATlON,toc25,2023-08-30 23:53:27.626,faerlina,us,horde
"89RMwJnBycQTjAPH",PAF,Trial of the Crusader,2023-08-29 00:16:23.615,benediction,us,alliance
JZTvyMkV8qxwng9P,PAF,Trial of the Crusader,2023-08-29 00:16:23.615,benediction,us,alliance
h1fNCYzGPFJcj4xn,CORE B,Trial of the Crusader,2023-08-30 23:45:06.567,faerlina,us,horde
VH9facArXpvnLhTC,Confia,ToGC25,2023-08-30 23:35:49.631,faerlina,us,horde
HfKDMaphb4cLYNXq,INSS,TOGC 25 PROG,2023-08-30 23:28:24.285,faerlina,us,horde
L63dQCPNx1gbHf2j,P R O J E T O,TOC10H ALT,2023-08-31 02:01:39.665,faerlina,us,horde
wGbMPH1jvtRWfZKF,P R O J E T O,TOGC 25H ALT RUN,2023-08-30 22:50:20.169,faerlina,us,horde
MwB67PJkYnAf9hct,Game Øver,Unknown Zone,2023-08-31 00:21:05.864,faerlina,us,horde
RprXYfb8yaLtCKzD,DAMNATlON,ptr3,2023-08-31 23:51:05.303,faerlina,us,horde
ZkKf8D67nM39wjpX,Blood Fury,Split 2 31/08,2023-09-01 01:08:53.833,faerlina,us,horde
kFhNrXaH972D3VvB,Blood Fury,Split 1 31/08,2023-09-01 00:18:00.039,faerlina,us,horde
LHnazc9qYmZ3t7rv,CangaceirøS,RAID25_31082023,2023-09-01 01:45:47.324,faerlina,us,horde
"6pCVbgFxfrQK78vR",CangaceirøS,TOC25 DO DESESPERO,2023-09-01 01:48:55.105,faerlina,us,horde
Kx3ZwyCcqMPpt7bJ,CangaceirøS,TOC25 DO DESESPERO,2023-09-01 00:00:45.774,faerlina,us,horde
L4pVaTtABZ9v3xrc,CangaceirøS,RAID25ULDUAR_31082023,2023-08-31 23:57:26.547,faerlina,us,horde
AhFBVrMWn1vHGZfd,Return of the Empire,"25HC CORE 2",2023-08-31 23:00:42.798,faerlina,us,horde
b63ng4PVHATtj8ZD,Teleton,Trial of the Crusader,2023-09-01 01:24:05.672,faerlina,us,horde
YVCd3JLRq7r6HWKw,Teleton,Trial of the Crusader,2023-08-31 22:59:26.736,faerlina,us,horde
jw2DxLavBq3NZGRk,Teleton,Trial of the Crusader,2023-08-31 23:44:41.873,faerlina,us,horde
p3MbKgw4NRdzPZYT,Teleton,Trial of the Crusader,2023-08-31 22:59:07.665,faerlina,us,horde
xtbPJd7zTNaD8jm3,Teleton,Unknown Zone,2023-08-31 23:02:00.138,faerlina,us,horde
"4knFxzQ6RjCPXLNv",Teleton,Unknown Zone,2023-08-31 23:01:49.834,faerlina,us,horde
nrtHcLX2FpVTDhQd,Teleton,Unknown Zone,2023-08-31 23:01:22.722,faerlina,us,horde
YpBydwF8Q4zb9mxC,Teleton,Unknown Zone,2023-08-31 23:01:03.340,faerlina,us,horde
cwaRWgnVq4hAyLzd,Return of the Empire,Trial of the Crusader,2023-09-02 01:57:29.605,faerlina,us,horde
b1av62VG87nkWX9d,Teleton,Trial of the Crusader,2023-09-02 00:20:00.283,faerlina,us,horde
Fz4tjhK9PDHd8YL6,Teleton,Trial of the Crusader,2023-09-02 00:15:42.464,faerlina,us,horde
pRY6dKy91z738r4q,Teleton,Trial of the Crusader,2023-09-01 22:57:55.071,faerlina,us,horde
NjtvW3CxKG89yMFT,Teleton,TOC 10HC,2023-09-02 00:19:48.719,faerlina,us,horde
yC6jNqhL12bVM7pg,PAF,Toc 10 Sabado 2,2023-09-02 19:13:52.426,benediction,us,alliance
mdPpDaCqJZ7V8XHM,PAF,Trial of the Crusader,2023-09-02 18:23:06.733,benediction,us,alliance
k9NwB3pqfzMVThaA,PAF,Toc 10 Sabado,2023-09-02 18:24:59.481,benediction,us,alliance
qFfL3BpVawgmZA9X,U P D A T I N G,Trial of the Crusader,2023-09-02 16:49:00.997,faerlina,us,horde
JxY12VZ6RMyGcbCL,U P D A T I N G,TOGC 2/9,2023-09-02 17:14:31.238,faerlina,us,horde
Km68Xvj4VMZLq1wc,U P D A T I N G,TOGC 2/9,2023-09-02 17:14:31.238,faerlina,us,horde
"2v4LnhP7zt3TFamN",U P D A T I N G,TOGC 2/9,2023-09-02 17:14:31.238,faerlina,us,horde
"7Gp8N4HhAagbcDz9",U P D A T I N G,TOGC 2/9,2023-09-02 17:14:31.238,faerlina,us,horde
tfnR48w2MzFNkGqv,U P D A T I N G,TOGC 2/9,2023-09-02 17:14:31.238,faerlina,us,horde
x93RC6wWtMkYZgd8,É Foda Bê,Trial of the Crusader,2023-09-04 01:09:48.513,benediction,us,alliance
xKfTWQGA6yw1ztXF,PAF,Ulduar Skip,2023-09-04 00:29:09.042,benediction,us,alliance
"79r2dHbWLjYR8vTC",PAF,Toc 25 Raid Y,2023-09-03 23:36:39.887,benediction,us,alliance
KXbx6qRc4Ty1Ppdf,PAF,Trial of the Crusader,2023-09-03 22:26:22.437,benediction,us,alliance
JcRCkPLgZz4nTtYF,PAF,Toc 25 Raid X ,2023-09-03 22:26:21.840,benediction,us,alliance
yqjwxQgJ68kW2PpT,Confia,ToCAlts,2023-09-03 23:37:42.527,faerlina,us,horde
KVmqMDYC27TAynbx,Confia,ToCMains,2023-09-04 00:31:28.171,faerlina,us,horde
k46h9dcKRvpTV7YF,Teleton,ulduar 25 normal,2023-09-03 22:30:26.404,faerlina,us,horde
raBGPNKMgzVw6yAL,Teleton,Ulduar,2023-09-04 00:27:41.627,faerlina,us,horde
"8PB9hZp41zdXyLYb",Teleton,Teste Ticket run,2023-09-03 17:44:42.939,faerlina,us,horde
"1TF7Z4WwpQrXgdzH",Teleton,ulduar 10 hm 8 players,2023-09-03 17:45:40.794,faerlina,us,horde
KHjNawmy7Q4MkYPc,DAMNATlON,ulduar + toc,2023-09-04 23:36:43.025,faerlina,us,horde
"3rVnyPvjfqAG1xdK",Posto Ipiranga,ToGC Split 3 - Week 11,2023-09-05 01:51:41.515,faerlina,us,horde
BkDA8ZG7TL6btdVa,Posto Ipiranga,"11th Week - TOGC",2023-09-05 01:56:14.517,faerlina,us,horde
Y9hW3Bkt4wJFjzH7,Posto Ipiranga,ToGC Semana 11 Split 2,2023-09-05 00:56:11.146,faerlina,us,horde
BrhpxYqXz4LKykjg,Posto Ipiranga,ToGC Semana 11 Split 1 ,2023-09-05 00:00:08.255,faerlina,us,horde
XWDFJQjdk67rPh2m,Posto Ipiranga,TOGC Semana 11 Split 1,2023-09-05 00:00:08.255,faerlina,us,horde
H6MnhPfYwvBgjxcN,Gratz,"25m dos alts das 49 attempts",2023-09-04 22:43:03.858,faerlina,us,horde
hDpjbKXx2dwgqzPr,Gratz,"25m da main raid dos 24m",2023-09-04 21:42:11.994,faerlina,us,horde
HZ1kKzXDCtNd6aRw,PAF,Ulduar,2023-09-05 02:14:15.006,benediction,us,alliance
YpCt2nXMKPcyJxN7,PAF,Ulduar,2023-09-05 01:36:00.847,benediction,us,alliance
z9q23fkDFcAd4Jtn,PAF,Raid 25 dos Alts,2023-09-04 23:45:00.300,benediction,us,alliance
LXWk3NwaZvGCH1FV,PAF,Toc 25 Alts,2023-09-05 00:13:29.203,benediction,us,alliance
Ng16BPxDJG3Wbhfw,Popcorn Lil Sacks,TOGC Core2,2023-09-04 22:42:16.365,faerlina,us,horde
zyYB3JarPFp2bXVL,Confia,Uld25,2023-09-04 23:42:00.788,faerlina,us,horde
"4aM1p6D2vxFYZHyB",Teleton,Trial of the Crusader,2023-09-04 22:42:27.362,faerlina,us,horde
mWLJHN7FhCfzKrdY,Long Live RocknRoll,Raid 1SPLT ToC,2023-09-05 01:21:49.157,faerlina,us,horde
Hw9KtmLqT6apYkNM,Long Live RocknRoll,Raid 1 ToC,2023-09-05 00:29:45.953,faerlina,us,horde
tVrKb8B2RqYM9xpD,Long Live RocknRoll,Raid 1,2023-09-04 23:12:39.075,faerlina,us,horde
kLXKP2xwT8pRmcYt,DAMNATlON,toczinhas,2023-09-05 23:56:50.572,faerlina,us,horde
VxbPdFa2nwzkqWM7,Posto Ipiranga,ToGC 25 HC Split 2 - Week 12,2023-09-06 01:02:06.143,faerlina,us,horde
xcLH3N2wAvgqDP6G,Posto Ipiranga,"12th Week",2023-09-05 23:50:41.411,faerlina,us,horde
tjD3g6NTdLz19Y7w,Posto Ipiranga,ToGC 25 HC Split 1 - Week 12,2023-09-05 23:55:28.178,faerlina,us,horde
"8RtKYy6hHcamG3WM",Blood Fury,Ulduar 05/09,2023-09-06 00:52:17.241,faerlina,us,horde
"1A9vqXy6bGBJwmZK",Blood Fury,Split 2 05/09,2023-09-05 23:48:29.370,faerlina,us,horde
ZbNX47ADcmfvBdVt,Blood Fury,Split 1 05/09,2023-09-05 22:53:33.555,faerlina,us,horde
qTQRGgcN28PFD7Vb,Gratz,"25m - split 2",2023-09-05 22:01:34.551,faerlina,us,horde
Q6nKPLMgFBYNfbzJ,Gratz,"25m - split 1",2023-09-05 21:13:27.450,faerlina,us,horde
"74fb6F9qMRmv3LPK",CangaceirøS,RAID25_TOC05092023,2023-09-06 01:29:00.262,faerlina,us,horde
Rtcpvn1MaHFCxfAj,CangaceirøS,RAID25_ULDUAR05092023,2023-09-05 23:52:09.288,faerlina,us,horde
CRxfWpQw9hq32kFD,Popcorn Lil Sacks,TOGC CORE3,2023-09-06 00:53:56.866,faerlina,us,horde
Fmvwb7DjfRWG9ZYB,Popcorn Lil Sacks,TOGC CORE2,2023-09-06 00:04:43.906,faerlina,us,horde
fd2MF7NcYBjZ9nLX,Popcorn Lil Sacks,TOGC CORE1,2023-09-05 23:04:10.842,faerlina,us,horde
fAGP3CgpJTBqMN28,Return of the Empire,CORE 10 3 do crime,2023-09-06 02:06:36.566,faerlina,us,horde
"8RVmPJMpgC4jTNfq",Return of the Empire,CORE 10,2023-09-06 01:16:31.953,faerlina,us,horde
fZHnMk9FcKjGP6zm,Return of the Empire,CORE 1 ULDUAR ,2023-09-05 23:51:35.819,faerlina,us,horde
Fw1AJn37fLgK8cRq,Return of the Empire,core 1,2023-09-05 22:45:24.289,faerlina,us,horde
rvFyagxf8PtkcMBR,Toxic Behavior,TOGC 25 + ulduar,2023-09-05 23:42:58.431,benediction,us,alliance
DWAz94tbNx3KBRqv,CORE B,Unknown Zone,2023-09-06 00:52:28.733,faerlina,us,horde
Vvygf7GkczXABdL8,CORE B,Unknown Zone,2023-09-06 00:33:56.711,faerlina,us,horde
wTNR9JFKP2HA1jyW,CORE B,Unknown Zone,2023-09-06 00:32:40.104,faerlina,us,horde
MzNaZngWd4hp19cF,CORE B,Unknown Zone,2023-09-06 00:32:27.992,faerlina,us,horde
cpf1h4zdFg2NmC6G,CORE B,Unknown Zone,2023-09-06 00:32:23.539,faerlina,us,horde
MxF2cQALarHbwdp8,Teleton,Ulduar,2023-09-06 00:40:54.850,faerlina,us,horde
td32VR6PgZHYzrny,Teleton,Ulduar,2023-09-06 00:22:33.744,faerlina,us,horde
JNxY4V6awkbFC9LH,Teleton,Trial of the Crusader,2023-09-05 22:54:24.881,faerlina,us,horde
PXt84qBj6NbCwyDp,Teleton,Trial of the Crusader,2023-09-05 23:01:29.934,faerlina,us,horde
pfdFcCYj8wbrt4GJ,P R O J E T O,TOGC25 H,2023-09-05 22:31:23.921,faerlina,us,horde
HC4R7TGpVWvt8LQZ,É Foda Bê,Trial of the Crusader,2023-09-06 23:36:13.273,benediction,us,alliance
"6QrBDkKXc79gCqYz",Posto Ipiranga,"12th Week - Split 3",2023-09-07 00:54:47.290,faerlina,us,horde
nNcVymLXg2qh1tK7,Posto Ipiranga,"12th Week - Split 3",2023-09-06 23:55:26.979,faerlina,us,horde
cAf6naYMwHRGmCpJ,Gratz,"25m dos alts do algalon buffado (e do pequi que não cura o tank)",2023-09-06 22:53:17.779,faerlina,us,horde
dVqcjzWvfmMx18py,Gratz,"25m dos mains do yogg -17lights (heroic mythic+++ ultra hard)",2023-09-06 21:12:43.031,faerlina,us,horde
BnMDgGcJwxNbWmtZ,PAF,Toc 10 Y,2023-09-07 01:58:52.757,benediction,us,alliance
hqdngFG6RYpBTfDZ,PAF,Toc 10 X,2023-09-07 01:21:03.330,benediction,us,alliance
BYFnbt8XgZPfV3MW,CORE B,Trial of the Crusader,2023-09-06 23:48:11.430,faerlina,us,horde
p1vnaMTxcrYLqHDC,Confia,Ulduar25,2023-09-07 00:41:48.714,faerlina,us,horde
LpkTxn72QBrdKVvC,Confia,ToGC50/50,2023-09-06 23:31:15.035,faerlina,us,horde
faz7WHQ2vpxjDLck,Teleton,TOC 10 HC,2023-09-07 00:34:51.839,faerlina,us,horde
dHa3zfc6R47pCMPm,Teleton,Trial of the Crusader,2023-09-07 00:24:10.536,faerlina,us,horde
dv4zHjna7KcDZqAV,Teleton,Trial of the Crusader,2023-09-06 23:03:30.334,faerlina,us,horde
WNTxVFJQ4GaH1t9m,Teleton,Trial of the Crusader,2023-09-06 23:11:28.097,faerlina,us,horde
yxhGL9Vbq12TCgAk,Teleton,Trial of the Crusader,2023-09-06 23:04:53.963,faerlina,us,horde
hDQ6n8WYzVkPxAvm,Long Live RocknRoll,Raid 1 Split ToC,2023-09-07 01:36:02.134,faerlina,us,horde
W8nd2XFJB1vVHhgp,Long Live RocknRoll,ToC Raid 1 todos contra o lock,2023-09-07 00:45:19.677,faerlina,us,horde
"734MqGbJtRzjP6xm",Long Live RocknRoll,Ulduar R1,2023-09-06 23:50:05.535,faerlina,us,horde
xDRqLVHcP1Wfb9dn,Return of the Empire,CORE 2 - 25HC,2023-09-07 22:49:37.198,faerlina,us,horde
zL3pcnGYrQ7JNA2f,Teleton,Naxx / Sarth / Maly,2023-09-08 01:50:00.716,faerlina,us,horde
VKqCDghmvyjHzMrN,Teleton,Trial of the Crusader,2023-09-08 00:21:56.745,faerlina,us,horde
nH1aj8XWzgv4FCwB,Teleton,Trial of the Crusader,2023-09-07 23:14:57.912,faerlina,us,horde
cPhJfqgXjMvmG9Qr,Teleton,Unknown Zone,2023-09-07 23:04:57.806,faerlina,us,horde
qw9gjdMrXPmWZ4NG,Teleton,Trial of the Crusader,2023-09-08 23:06:08.743,faerlina,us,horde
fPh4npLMCr3aw6Y1,U P D A T I N G,Trial of the Crusader,2023-09-09 16:53:05.032,faerlina,us,horde
BwTNHazqcFdbL2ph,U P D A T I N G,TOGC 25 - RAID FALTANDO,2023-09-09 17:05:41.601,faerlina,us,horde
TpzhXqMCDnQkL7Rg,U P D A T I N G,TOGC 25 - RAID FALTANDO,2023-09-09 17:05:41.601,faerlina,us,horde
aGmcQtBPJY4h6yz7,U P D A T I N G,TOGC 25 - RAID FALTANDO,2023-09-09 17:05:41.601,faerlina,us,horde
zZ2KjmgJ3Lxy4f9k,U P D A T I N G,TOGC 25 - RAID FALTANDO,2023-09-09 17:05:41.601,faerlina,us,horde
dfvC1mKtBWk9AZ2F,É Foda Bê,Trial of the Crusader,2023-09-11 00:27:38.206,benediction,us,alliance
"2mF6BDXJMxnqRWbr",PAF,Ulduar SKIP,2023-09-11 00:07:29.705,benediction,us,alliance
VfPJ2ZnxjXFHL93t,PAF,Toc 25 raid X,2023-09-10 23:07:32.750,benediction,us,alliance
wbTxzgcnYjRVG8BD,PAF,Trial of the Crusader,2023-09-10 22:13:41.514,benediction,us,alliance
G4PXQx21z9nDYc3j,PAF,Toc 25 raid Y,2023-09-10 22:13:39.739,benediction,us,alliance
Q2Vkd9vc87bHCZjP,U P D A T I N G,GDKP UPDATING,2023-09-10 23:08:47.244,faerlina,us,horde
Fpzkc3fCLBaZ8XdV,Teleton,Ulduar,2023-09-10 23:41:34.339,faerlina,us,horde
H9L1M8FYfba7ztrd,PAF,Toc 25 Alts,2023-09-12 01:06:19.493,benediction,us,alliance
"7YQkPxM2CbvJXW1B",CangaceirøS,RAID_TOC1011092023,2023-09-11 23:20:13.694,faerlina,us,horde
XM8VhL719AxCjTNc,Confia,ToGC10 Mains,2023-09-11 00:29:18.863,faerlina,us,horde
YxLwm79qhCJQDbZc,Confia,ToGC10 Alts,2023-09-10 23:42:49.539,faerlina,us,horde
Taf3C7D1J6nk8yKG,Confia,UlduarEz,2023-09-11 23:17:57.120,faerlina,us,horde
fd3DMpZAFkxrn2g8,Long Live RocknRoll,Raid 2 TOC,2023-09-11 23:56:30.760,faerlina,us,horde
"3mWYDhVpLfq4RP1y",DAMNATlON,toc,2023-09-12 23:38:29.433,faerlina,us,horde
N4JQymhKTjMk2Zap,Posto Ipiranga,week 13 split 2 ,2023-09-12 23:49:23.866,faerlina,us,horde
FX2z3VtpWbvY9PRC,Posto Ipiranga,"13th Week",2023-09-12 23:48:27.193,faerlina,us,horde
"9p2CL8DTgqJ6WkMN",Posto Ipiranga,Week 13 Split 1,2023-09-13 00:07:22.680,faerlina,us,horde
AyY4X91dWGwpNhHn,Posto Ipiranga,TOGC 12/09/23,2023-09-12 23:49:33.595,faerlina,us,horde
"7G4bHCptwf9PTnQz",Blood Fury,ToCG2,2023-09-13 00:01:48.671,faerlina,us,horde
r6gJYh4TpdjNWK8y,Blood Fury,Split 2 12/09,2023-09-12 23:57:49.324,faerlina,us,horde
LQy8RMcr4afNJzKp,Blood Fury,ToC G1,2023-09-12 22:58:09.264,faerlina,us,horde
t3NHgXGWkKQL9jY2,Blood Fury,Split 1 12/09,2023-09-12 23:18:31.895,faerlina,us,horde
JtYdfDzPvkLBV3qK,Gratz,"25m Ulduar dos mains",2023-09-12 21:27:28.257,faerlina,us,horde
yNx2gr4Hn31AGkF6,Gratz,Ulduar - Algalon Alts,2023-09-12 21:13:39.664,faerlina,us,horde
"1YPwR4avDgx9fHCV",Popcorn Lil Sacks,Trial of the Crusader,2023-09-13 02:07:50.033,faerlina,us,horde
"23ZzQVmLpnk417vF",Popcorn Lil Sacks,Trial of the Crusader,2023-09-12 22:54:12.600,faerlina,us,horde
bFyH9wkRaNq1vLh4,Return of the Empire,AH!2,2023-09-13 02:25:04.033,faerlina,us,horde
"8Mn9qXQpTPkRtjAW",Return of the Empire,AH!,2023-09-13 00:02:17.705,faerlina,us,horde
x9bRgnJCVvk7NQP6,Return of the Empire,core 1,2023-09-12 22:50:36.713,faerlina,us,horde
Gcz87ACLXHDdZmYF,Toxic Behavior,TOGC + ULDUAR 25,2023-09-12 23:50:29.961,benediction,us,alliance
MCzWLBAbrfncwqk7,Teleton,Ulduar,2023-09-13 01:20:37.417,faerlina,us,horde
nd6Y2TmF73RwNVtZ,Teleton,Ulduar,2023-09-13 01:05:11.024,faerlina,us,horde
JLd4k9XaNt6QZ1D3,Teleton,Ulduar,2023-09-13 00:49:56.351,faerlina,us,horde
tCwFZqjzvdnfV7NL,Teleton,Trial of the Crusader,2023-09-12 22:58:55.671,faerlina,us,horde
JNGYvK4cPWz3ThAk,Teleton,Trial of the Crusader,2023-09-12 23:09:25.639,faerlina,us,horde
HFD6tN4CpTBMA9Xb,Teleton,Trial of the Crusader,2023-09-12 23:45:18.491,faerlina,us,horde
am4FfGLpQwPMZhBd,Teleton,Trial of the Crusader,2023-09-12 22:58:08.390,faerlina,us,horde
M6RBvcTYKdV2jygm,Teleton,toc 25h,2023-09-12 22:58:34.507,faerlina,us,horde
JkxNn13a7FVAbf4B,Long Live RocknRoll,Split,2023-09-13 01:52:06.253,faerlina,us,horde
YvKfmJzQr2ct4TRA,Long Live RocknRoll,Raid 1,2023-09-12 23:29:43.602,faerlina,us,horde
cNv9gMfXdRChxt3V,P R O J E T O,ULD25,2023-09-13 00:06:54.127,faerlina,us,horde
HGgC9bBMA4rKFkqj,P R O J E T O,TOGC25H,2023-09-12 22:40:12.254,faerlina,us,horde
KNhcQrzPZdXLwMx2,Gratz,"25m - togc split 1",2023-09-12 22:24:43.606,faerlina,us,horde
"2FnDx3abzCRKrTV4",DAMNATlON,ulduar,2023-09-13 23:30:13.196,faerlina,us,horde
rk2Qcb9T7xj3tZGw,Posto Ipiranga,Week 13 Split 13,2023-09-14 01:03:08.614,faerlina,us,horde
xqh6ZayGLBdwF7pM,Posto Ipiranga,"13th week - split 3",2023-09-13 23:58:23.690,faerlina,us,horde
xkgz239LACXqHvDQ,Gratz,"25m togc split 3",2023-09-13 22:08:10.143,faerlina,us,horde
Cr496MfHpVB2kRKN,Gratz,"25m togc split 2",2023-09-13 21:10:04.446,faerlina,us,horde
Fmh1Bw9dYCyz7ZNp,PAF,Toc 10 - Quarta 1,2023-09-14 01:04:26.123,benediction,us,alliance
Y1MayxtRfwzBhDgH,Return of the Empire,TOC 10 DK,2023-09-13 22:48:25.030,faerlina,us,horde
QMjthYCyWGcgTVd1,CORE B,Trial of the Crusader,2023-09-13 23:48:17.647,faerlina,us,horde
"4AbfTV9yqFrjv17R",CORE B,Trial of the Crusader,2023-09-13 23:48:17.647,faerlina,us,horde
XAx7pQPcvbhzKLFg,Confia,ToGC,2023-09-13 23:19:54.173,faerlina,us,horde
NqX3TQ7jyHgnRBYd,Teleton,Unknown Zone,2023-09-13 22:00:38.557,faerlina,us,horde
VZj9MFyrNqKQg7dD,Long Live RocknRoll,Raid 2 ToC da vergonha,2023-09-14 00:37:43.113,faerlina,us,horde
d7jAMHrBx2Zqh8ng,Long Live RocknRoll,Ulduar R2,2023-09-13 23:37:32.891,faerlina,us,horde
Vdk9PZQ3RGFCyAzv,INSS,TOC 25,2023-09-13 22:53:07.631,faerlina,us,horde
YaFBvHphVzGqT1XZ,É Foda Bê,Trial of the Crusader,2023-09-15 01:34:20.222,benediction,us,alliance
aMQdYPH4WyjDc7bR,É Foda Bê,Trial of the Crusader,2023-09-15 01:40:34.665,benediction,us,alliance
"1GJ4TH3FVaA96xpy",É Foda Bê,Trial of the Crusader,2023-09-14 23:27:49.495,benediction,us,alliance
MhYmz2Fg7anVk6H3,É Foda Bê,Trial of the Crusader,2023-09-14 23:27:49.495,benediction,us,alliance
AkKMQx3pywrHJBaL,Posto Ipiranga,Week 13 ToGC 10m,2023-09-15 01:17:55.849,faerlina,us,horde
xTHMYcXbPVt7hfpW,CangaceirøS,TOC25_14092023,2023-09-15 01:53:00.693,faerlina,us,horde
ZHNQvArpzatfMgmT,CangaceirøS,RAID25TOC_14092023,2023-09-14 23:52:58.845,faerlina,us,horde
gnxczqPDCmMGvpr8,Return of the Empire,A1,2023-09-14 22:49:09.625,faerlina,us,horde
"8C6nXBKkFNrGVHQz",Teleton,Anub (Sayhn),2023-09-14 22:53:41.311,faerlina,us,horde
pgkhdWrcY9DLTwNa,Teleton,Anub (Sayhn),2023-09-14 22:53:41.311,faerlina,us,horde
cRDK7qfbZCGvt1gT,Teleton,Trial of the Crusader,2023-09-14 22:53:41.311,faerlina,us,horde
ryvj2MKHmhJANfPd,Teleton,Anub (Sayhn),2023-09-14 22:53:41.311,faerlina,us,horde
NxpqZ34LjkJQG921,Teleton,Trial of the Crusader,2023-09-14 22:53:41.311,faerlina,us,horde
DyztNQdq29vaTpbG,Teleton,Unknown Zone,2023-09-14 22:53:54.280,faerlina,us,horde
qJzcyvMfm9kWFGdt,INSS,ANUB 25,2023-09-15 00:29:54.190,faerlina,us,horde
jdTyPmpFckw6BAY4,P R O J E T O,???,2023-09-14 23:07:37.451,faerlina,us,horde
aDBRgFt7Qcj2xVvm,Teleton,Trial of the Crusader,2023-09-16 00:34:18.103,faerlina,us,horde
"9xJqrQmWXtZ7z4kb",Teleton,TOGC 10HC,2023-09-16 00:21:32.561,faerlina,us,horde
n3hX8FxCfbPpqk4v,Teleton,Trial of the Crusader,2023-09-15 22:54:54.346,faerlina,us,horde
CcJfzpT8PAWa7wFg,Toxic Behavior,ptr icc 10,2023-09-15 23:46:55.786,benediction,us,alliance
GyhqFT4Z6kjxHXnR,PAF,Icecrown Citadel,2023-09-18 00:59:15.772,benediction,us,alliance
yxRwD2YqjWhJL8Hn,PAF,Raid X,2023-09-17 23:21:41.617,benediction,us,alliance
gGAaT2ZQYCtKp4MR,PAF,Raid Y,2023-09-17 21:38:40.862,benediction,us,alliance
yCLRbNQfH8X1ktZK,CORE B,Trial of the Crusader,2023-09-17 23:37:37.471,faerlina,us,horde
fBVzq41FHDcNYa9r,Teleton,Ulduar,2023-09-18 00:32:22.049,faerlina,us,horde
A27ybM3hzrmpKJcR,PAF,Toc 25 alts,2023-09-19 01:04:10.481,benediction,us,alliance
tKdBJpzNfPGvHA7g,Confia,UlduarShardfarm,2023-09-18 23:21:18.623,faerlina,us,horde
PByD3fczAvjH4XYJ,Teleton,Icecrown Citadel,2023-09-18 23:45:02.127,faerlina,us,horde
GmZAk6dDHwf2TRpj,DAMNATlON,ptr,2023-09-19 23:59:20.393,faerlina,us,horde
"2tdWN9RvXapZFAP8",Gratz,"25m - anub split 2",2023-09-19 22:55:51.629,faerlina,us,horde
JqHkfrdLCmRDZptW,Gratz,"25m - split 2",2023-09-19 22:01:07.076,faerlina,us,horde
mWtrwbPdG4HBxzAT,Gratz,"25m - split 3",2023-09-19 21:11:41.988,faerlina,us,horde
VpkDwrRxBXzTN89Q,Gratz,"25m - split 1",2023-09-19 23:17:17.759,faerlina,us,horde
Bhz6DGkCRjNMWFYn,CangaceirøS,SOTOC25h,2023-09-20 00:17:12.496,faerlina,us,horde
z8vHnBKrT2Y1tpVb,CangaceirøS,RAIDTOC25_19092023,2023-09-19 23:59:40.867,faerlina,us,horde
fgTZhxJVNqvMA2L9,Return of the Empire,Core 1,2023-09-19 22:50:33.478,faerlina,us,horde
v4wmjWzPDLMr6HYg,Return of the Empire,core 1,2023-09-19 22:21:31.169,faerlina,us,horde
"1Kp7648xyVzQjThD",Toxic Behavior,ptr de ICC 25,2023-09-19 23:56:45.117,benediction,us,alliance
GkgbcBQ68PqthxZR,Teleton,Ulduar,2023-09-20 00:36:19.241,faerlina,us,horde
"19cByHTK3JGqxWPj",Teleton,Ulduar,2023-09-20 01:07:20.722,faerlina,us,horde
mHfBFAptXPLrK4Mn,Teleton,Ulduar,2023-09-20 01:09:51.165,faerlina,us,horde
Y7R3cLK2TajpnMmx,Teleton,Trial of the Crusader,2023-09-19 23:10:43.124,faerlina,us,horde
XMzVAGb8kxrvfFH6,Teleton,Trial of the Crusader,2023-09-19 23:16:29.275,faerlina,us,horde
mpbMXhn4LtrZN7wH,Teleton,Trial of the Crusader,2023-09-19 23:18:57.524,faerlina,us,horde
DrH2YbKqxLWCQnAv,P R O J E T O,Onyxia,2023-09-20 00:13:52.848,faerlina,us,horde
"7LKnXZPNqdV1Dt3p",P R O J E T O,TOGC25H,2023-09-19 21:51:50.196,faerlina,us,horde
pz7ndW2ZQJDBv1rw,DAMNATlON,ulduar,2023-09-20 23:19:16.362,faerlina,us,horde
"1r4TbMcZf8CkRwYQ",Posto Ipiranga,Week 14 ToGC 25 - Split 3,2023-09-21 01:38:30.163,faerlina,us,horde
JqMDWaYB7Pg4Kzm1,Posto Ipiranga,"14th Week - Split 2",2023-09-21 00:48:29.543,faerlina,us,horde
yZzYbFKCGnaqmg27,Posto Ipiranga,Week 14 - Split 1,2023-09-21 00:02:32.373,faerlina,us,horde
FvHG9nMTBVQ3x7a4,Gratz,"25m - split 1 (anub + algalon)",2023-09-20 21:25:00.997,faerlina,us,horde
b21YvhJgFkRMHTCp,Toxic Behavior,TOGC + ULDUAR 25,2023-09-20 23:53:20.741,benediction,us,alliance
MnkG4yBcPZVA7xKt,CORE B,Trial of the Crusader,2023-09-20 23:54:18.202,faerlina,us,horde
MH8XjKbhQzvqmBZ7,Confia,Ulduar,2023-09-21 00:32:30.520,faerlina,us,horde
V8pGhBJLDaCRnbvy,Confia,ToGC50/50,2023-09-20 23:32:09.026,faerlina,us,horde
w4ZV6K7JaQ1hXdrz,Confia,Trial of the Crusader,2023-09-20 23:14:03.715,faerlina,us,horde
H6KZ8QDAg2CdVf1t,Teleton,Trial of the Crusader,2023-09-21 01:06:11.575,faerlina,us,horde
"1WGan8kmJRPvtZB6",Teleton,Trial of the Crusader,2023-09-20 22:06:00.778,faerlina,us,horde
BXGqwgNxjvnh1RAt,Teleton,Trial of the Crusader,2023-09-20 22:14:51.004,faerlina,us,horde
fk1bLwW7G3pdNm6x,Long Live RocknRoll,Raid 1 Split,2023-09-21 01:45:38.353,faerlina,us,horde
dAnXZpcK683VTf4C,Long Live RocknRoll,ToC R1 Split,2023-09-21 02:03:46.184,faerlina,us,horde
PKRgHN4m27Z1yb8t,Long Live RocknRoll,ToC R1 Split,2023-09-21 01:51:51.794,faerlina,us,horde
bPTqjcd2XWkQZRKB,Long Live RocknRoll,Raid 1 ToC,2023-09-21 00:52:12.199,faerlina,us,horde
wMNADYxb6vr83WTK,INSS,TOC 25,2023-09-20 22:55:57.210,faerlina,us,horde
VgRNk3aWdwBJGX8Z,P R O J E T O,TOGC 25H ALT RUN,2023-09-20 22:58:07.774,faerlina,us,horde
R76kLcNqQAnZyr4w,Teleton,Trial of the Crusader,2023-09-20 23:34:55.570,faerlina,us,horde
XBb4RVnLK9yWGmZq,É Foda Bê,Trial of the Crusader,2023-09-22 00:30:50.805,benediction,us,alliance
jCxVFADNkRzqW6tn,É Foda Bê,Trial of the Crusader,2023-09-21 23:32:54.026,benediction,us,alliance
jMaVX4d6mr9tRLZn,É Foda Bê,Trial of the Crusader,2023-09-21 23:37:12.878,benediction,us,alliance
bPTn7JKgLwh4Gxar,DAMNATlON,toc25,2023-09-21 23:47:12.409,faerlina,us,horde
PwDAdna8QcTpqx27,Posto Ipiranga,ToGC 10m 5050,2023-09-22 02:01:44.550,faerlina,us,horde
mKY8FghxTtCrz6pf,Blood Fury,Split 2 21/09,2023-09-21 23:51:55.316,faerlina,us,horde
TwjgkRPtmCKHNXvG,Blood Fury,Split 1 21/09,2023-09-21 23:06:20.805,faerlina,us,horde
HadqfxQCn9Y4Gthm,Popcorn Lil Sacks,Trial of the Crusader,2023-09-21 22:52:29.267,faerlina,us,horde
DhKPHYqn4pJRzyd7,Popcorn Lil Sacks,Trial of the Crusader,2023-09-21 22:52:29.267,faerlina,us,horde
vPJLFQhY9KxcD68X,Return of the Empire,ULDUAR CORE 2,2023-09-22 00:15:16.507,faerlina,us,horde
P21mcGN8BQ3VThAr,Return of the Empire,CORE 2,2023-09-21 22:01:46.540,faerlina,us,horde
PxWBXFmg9NwR8bQC,Teleton,Trial of the Crusader,2023-09-21 23:22:29.249,faerlina,us,horde
M7cQZyJ813VkD2XK,Teleton,Trial of the Crusader,2023-09-21 22:11:43.418,faerlina,us,horde
"3PrvJWm8YBTVny4A",Teleton,TOC 10 HC,2023-09-21 22:20:16.970,faerlina,us,horde
kGYVM7ZJLgTt6BW1,Long Live RocknRoll,Raid 2 ToC CLEAN,2023-09-22 00:27:15.790,faerlina,us,horde
hKwQamZ7kfprYt4j,Long Live RocknRoll,Raid 2,2023-09-21 23:34:37.847,faerlina,us,horde
PbV4CHkD6AKWwMZF,INSS,ULDUAR 25,2023-09-21 23:31:59.750,faerlina,us,horde
abCwxqXRgBHNL6p9,Teleton,Trial of the Crusader,2023-09-23 00:03:53.376,faerlina,us,horde
T9Jc8BKxtdLYQCqP,Teleton,Trial of the Crusader,2023-09-23 00:01:57.155,faerlina,us,horde
ZfHGdz6NRXqxD42a,Teleton,Trial of the Crusader,2023-09-22 23:23:34.734,faerlina,us,horde
ycWZgn1CmafQzFqR,Teleton,Trial of the Crusader,2023-09-22 17:27:52.366,faerlina,us,horde
GzkZD39hLATqbKVt,U P D A T I N G,Trial of the Crusader,2023-09-23 17:03:41.011,faerlina,us,horde
jaJZDrVhRAf1qbgF,Teleton,TOGC 25N,2023-09-23 20:50:25.170,faerlina,us,horde
hyVX2QRATZJxfBgH,PAF,Raid X,2023-09-24 23:14:25.043,benediction,us,alliance
K4pzGRfqb2WkwBgv,PAF,Toc 25 X,2023-09-24 23:15:23.944,benediction,us,alliance
tHcNrv2P46MCKDdp,PAF,Raid Y,2023-09-24 21:41:33.117,benediction,us,alliance
Jj34wHhQ9D71VPpx,PAF,Toc 25 Y,2023-09-24 22:27:29.063,benediction,us,alliance
tjHgJhZRqwbn1Qay,U P D A T I N G,Raid bosta,2023-09-24 16:58:20.002,faerlina,us,horde
AzFxXCpLcrWaRb63,Confia,ToGC10 Alts,2023-09-24 23:28:14.522,faerlina,us,horde
HTthFvwDc9fg2C1M,Confia,ToGC10 Mains,2023-09-25 00:27:09.212,faerlina,us,horde
hzdTjnv7qgcaMFLy,Teleton,Ulduar,2023-09-24 22:19:57.250,faerlina,us,horde
ATczCDxkWHPqFmQw,Confia,Ulduarez,2023-09-25 23:29:03.976,faerlina,us,horde
Avwq3pcRL71XQygh,DAMNATlON,ptr1,2023-09-26 22:29:48.343,faerlina,us,horde
mw1p8JP6ZVqfgyWF,DAMNATlON,toc,2023-09-26 23:39:10.716,faerlina,us,horde
J6ZV7pcDgjm4G2vQ,PAF,Toc 25 Alts,2023-09-26 00:29:32.731,benediction,us,alliance
Yt4vzjygQP38dmLK,CangaceirøS,RAID25_TOC26092023,2023-09-27 01:20:06.207,faerlina,us,horde
TgKL68nkpBdhqvjM,CangaceirøS,RAID25_ULDUAR26092023,2023-09-26 23:56:28.967,faerlina,us,horde
fyBvHRNaTpJwCFcY,Return of the Empire,CORE 1,2023-09-26 22:45:54.893,faerlina,us,horde
wtb1vn4kaqKQBYy2,Return of the Empire,Trial of the Crusader,2023-09-26 22:39:43.685,faerlina,us,horde
n9hGrFqpkjV2JR1v,Toxic Behavior,PTR ICC 25,2023-09-26 23:29:38.062,benediction,us,alliance
wBxm6d8KXMLp4CQz,Teleton,Naxx / Sarth / Maly,2023-09-27 02:23:01.611,faerlina,us,horde
"18Yfv2FGzjdbhcHT",Teleton,Trial of the Crusader,2023-09-26 22:56:48.211,faerlina,us,horde
g1pK3dBaJH8RxTWq,Teleton,Trial of the Crusader,2023-09-26 22:57:53.502,faerlina,us,horde
"1LndBvqTtwMakWJ6",P R O J E T O,TOGC 25H,2023-09-26 23:05:16.395,faerlina,us,horde
Q4FvhfgyH7Y1CDkW,DAMNATlON,ptr2,2023-09-28 02:05:41.117,faerlina,us,horde
avG46D1yBXqjtpP7,DAMNATlON,ptr2,2023-09-27 00:45:02.333,faerlina,us,horde
dWkLXp3MByNgHwaG,DAMNATlON,toc2,2023-09-27 23:49:51.286,faerlina,us,horde
MLXVDJQG7j1yRhFA,CORE B,Unknown Zone,2023-09-28 01:32:55.409,faerlina,us,horde
kyBpb7MvPLArhTVn,Confia,Ulduar25,2023-09-27 23:37:13.831,faerlina,us,horde
ckMrYApVCmfqGB3P,Teleton,Trial of the Crusader,2023-09-27 22:02:37.069,faerlina,us,horde
GDhktX4jCwfncvFA,INSS,TOC 25,2023-09-27 22:56:17.814,faerlina,us,horde
WC1wLm3VGqhz4XbF,É Foda Bê,Trial of the Crusader,2023-09-28 23:41:14.408,benediction,us,alliance
KGDJtaqhPvgrBb7x,É Foda Bê,Trial of the Crusader,2023-09-28 23:20:20.371,benediction,us,alliance
fV1tHyLKnGX8cQNv,DAMNATlON,ptr3,2023-09-28 23:55:52.748,faerlina,us,horde
JnNL9dHvbX3mD48M,Toxic Behavior,togc 25 normal run,2023-09-29 01:56:38.660,benediction,us,alliance
"1VAwpbHKMhnCZzFm",U P D A T I N G,Trial of the Crusader,2023-09-28 22:19:27.560,faerlina,us,horde
n9QpHzaCYMVgJvkW,U P D A T I N G,Heroic Dungeons,2023-09-28 20:24:27.018,faerlina,us,horde
"7wH9ta6dWMqkFD1N",Teleton,Trial of the Crusader,2023-09-28 23:16:52.139,faerlina,us,horde
wYzJfbj3tcvAgR1Z,Teleton,Trial of the Crusader,2023-09-29 00:04:49.124,faerlina,us,horde
wDtmaJMXGd263YPV,Long Live RocknRoll,Toc r1S,2023-09-29 00:29:57.010,faerlina,us,horde
NVnb12BYZzTXLF8P,Long Live RocknRoll,ToC R1,2023-09-28 23:44:12.844,faerlina,us,horde
ArXp4wy29cfbPM1z,INSS,ANUB 25,2023-09-28 23:16:18.314,faerlina,us,horde
BVDvjK8dJH3zPXwx,Popcorn Lil Sacks,TOC 10M DO ESPANCO,2023-09-30 00:36:25.420,faerlina,us,horde
k1YwZT4rAyvVdFKx,Popcorn Lil Sacks,Trial of the Crusader,2023-09-28 22:53:21.207,faerlina,us,horde
ay9CrNzXkRmhJw8B,Toxic Behavior,togc 10 ,2023-09-30 01:30:51.295,benediction,us,alliance
jt6HQC4VL2YcTW8F,Teleton,Trial of the Crusader,2023-09-29 23:10:18.551,faerlina,us,horde
yJNBaLkYF63mfbcH,U P D A T I N G,Trial of the Crusader,2023-09-30 16:47:47.475,faerlina,us,horde
QPakmfFtgMbvyXBw,U P D A T I N G,Ulduar,2023-09-30 17:46:28.490,faerlina,us,horde
zDFCnfgL72XYc8kR,É Foda Bê,Trial of the Crusader,2023-10-02 00:50:57.792,benediction,us,alliance
xc6n9mYhJWyj4tM1,Blood Fury,Split 2 01/10,2023-10-02 00:24:03.194,faerlina,us,horde
"9tQaH1DAbvnyJKpP",Blood Fury,toc g1 pt1,2023-10-01 23:11:42.504,faerlina,us,horde
AchjxampK3wgrtfv,Blood Fury,toc g1 pt2,2023-10-01 23:37:16.098,faerlina,us,horde
yDCtvrNjFQRWa4M2,PAF,Toc 25 X,2023-10-01 23:15:03.601,benediction,us,alliance
X9mnyKq3W4frN6kQ,PAF,Toc 25 Y,2023-10-01 22:14:38.400,benediction,us,alliance
"1WaT2Zrc8wbkLmBR",U P D A T I N G,Heroic Dungeons,2023-10-01 14:34:00.693,faerlina,us,horde
qV43ptaADd2gYbhF,Confia,ToGC Alts,2023-10-01 23:38:22.634,faerlina,us,horde
wZ1LNnWT3kArQadj,Confia,ToGC Mains,2023-10-02 00:40:42.510,faerlina,us,horde
CKrHG2nVYgvqFdtQ,Teleton,Trial of the Crusader,2023-10-01 22:29:05.572,faerlina,us,horde
"3DbnhLARyG8KCTpX",DAMNATlON,toc,2023-10-03 23:56:14.422,faerlina,us,horde
cAFr61K9kyQqVhmw,Posto Ipiranga,parse run? kekw 16th week,2023-10-04 23:55:52.944,faerlina,us,horde
TxNdrGy1Ahk7RPq4,Posto Ipiranga,"16th week - split 2",2023-10-04 01:00:15.920,faerlina,us,horde
"2QvC7FyzPAatrhjm",Posto Ipiranga,toc split 1,2023-10-04 00:02:43.579,faerlina,us,horde
M1Y7CRjzdpL3F86G,Posto Ipiranga,Toc split 1,2023-10-04 00:19:43.524,faerlina,us,horde
NqFbVyPRv2AX3k6M,Posto Ipiranga,"15th Week - TOGC",2023-10-03 00:53:11.777,faerlina,us,horde
b6vxqL4yaB87AcFp,Posto Ipiranga,ToGC Split 1 week15,2023-10-02 23:59:27.175,faerlina,us,horde
MLxZ4wvRFnpW3Nt1,Blood Fury,Raid 2,2023-10-04 01:32:38.301,faerlina,us,horde
"1JBTwaCYcVFpj3kx",Blood Fury,Trial of the Crusader,2023-10-04 01:32:35.017,faerlina,us,horde
HL7hk28wAGCK1aqW,Blood Fury,Raid 1 03/10 ,2023-10-03 23:10:51.147,faerlina,us,horde
D4A69yWztrTVj8aK,Gratz,penultima ulduar dos infinitos fragmentos2,2023-10-04 21:45:33.506,faerlina,us,horde
bdXNcCA1z7mnHtQ9,Gratz,penultima ulduar dos infinitos fragmentos,2023-10-04 21:19:14.879,faerlina,us,horde
NRbcvyaVnD4wAxdz,Gratz,"25m - split 3 do timbow sem capa",2023-10-03 23:14:18.269,faerlina,us,horde
"6Xtxg7vjwcNAHDqr",Gratz,"25m - split 2",2023-10-03 22:25:00.955,faerlina,us,horde
rnwby6Vxz7fCkcgR,Gratz,"25m - split 1 do boa noite bruno",2023-10-03 21:15:17.088,faerlina,us,horde
kXMmYNQHA3hWnxfD,Gratz,"25m - split 2 do voltou a luz",2023-10-02 22:19:46.346,faerlina,us,horde
Q2YXFajz4MDNkBfp,Gratz,"25m - split 1 do estamos sem luz",2023-10-02 21:10:43.058,faerlina,us,horde
y3YXB7ZG84qtk9Fx,CangaceirøS,RAID_ULDUAR03102023,2023-10-04 01:27:35.534,faerlina,us,horde
rhDjN7YAqkWPBt4b,CangaceirøS,RAID25_03102023,2023-10-03 23:59:10.619,faerlina,us,horde
jp3xgqJTmFtGwaQh,Popcorn Lil Sacks,Trial of the Crusader,2023-10-03 22:54:09.265,faerlina,us,horde
NvQ3xLYyDtarJ1qR,Return of the Empire,A1,2023-10-04 08:55:35.321,faerlina,us,horde
DBx8WVt1c39nCQJ4,Return of the Empire,ACHIEV DA TRISTEZA - ULD,2023-10-03 23:46:40.813,faerlina,us,horde
qb3Ph2GdWBa64CxJ,Return of the Empire,CORE 1,2023-10-03 22:52:19.717,faerlina,us,horde
MbRrxWk7BjHzAJvN,Toxic Behavior,Togc 25 4/5,2023-10-04 22:21:02.488,benediction,us,alliance
GmwPybrT3QgH2cvt,Toxic Behavior,TOC 25m - 3/10,2023-10-03 23:56:39.222,benediction,us,alliance
AcdZtPgKmVQ7YJvC,CORE B,Trial of the Crusader,2023-10-04 23:43:58.030,faerlina,us,horde
BYbTmMLzcnDfaJ2Q,Confia,Ulduar,2023-10-04 23:28:41.638,faerlina,us,horde
Wb3K7pTL6xQfym8M,Confia,Ulduar,2023-10-03 00:38:11.309,faerlina,us,horde
bgTF63zLdhBRXCvH,Confia,ToGC Luk noob,2023-10-03 00:23:24.746,faerlina,us,horde
cZp4aCrXkv7MJzm9,Confia,ToGC Luk noob,2023-10-02 23:40:58.301,faerlina,us,horde
"1HTNVQBhaG8yb6rz",Teleton,Trial of the Crusader,2023-10-05 01:18:59.308,faerlina,us,horde
"1HzR9QJgpcfjm3xy",Teleton,Trial of the Crusader,2023-10-04 23:32:36.686,faerlina,us,horde
RMkqZazXKFHPmWrj,Teleton,Trial of the Crusader,2023-10-03 22:55:05.688,faerlina,us,horde
"7T14JhpdBWVjHcXL",Teleton,Trial of the Crusader,2023-10-03 22:57:15.364,faerlina,us,horde
k9qP4jHWZQBdDm1N,Long Live RocknRoll,Raid 2 ToC,2023-10-04 23:23:06.827,faerlina,us,horde
mZA71QaFCXfqBVgv,Long Live RocknRoll,Raid 1S ToC,2023-10-04 01:50:03.144,faerlina,us,horde
MvkXtjwnLb8zpHYD,Long Live RocknRoll,Raid 1 ToC,2023-10-04 00:52:38.888,faerlina,us,horde
MDqfP7agGwAZH3c1,É Foda Bê,Trial of the Crusader,2023-10-05 23:35:25.491,benediction,us,alliance
vQT6jwHqFC4MgJLZ,É Foda Bê,Trial of the Crusader,2023-10-05 23:33:59.788,benediction,us,alliance
W17FLtYjAZTP9hgk,Posto Ipiranga,Last 10m HC,2023-10-06 00:45:16.415,faerlina,us,horde
"2XCVjNpv8wBHTMky",CangaceirøS,ULDUAR_DA_FÉ_BONIFICADA,2023-10-05 23:53:46.049,faerlina,us,horde
"8QHRpN3JfFP6c9Xd",Toxic Behavior,TOGC 10m - 5/10,2023-10-06 00:22:36.293,benediction,us,alliance
AqaPL39zHtQpjbJR,Teleton,Trial of the Crusader,2023-10-05 23:01:52.645,faerlina,us,horde
QcPJnCrZbtNVmFTg,Teleton,TOC 25 HC,2023-10-05 22:56:45.114,faerlina,us,horde
Q9D8NV2XLa1rThMW,U P D A T I N G,Trial of the Crusader,2023-10-07 16:59:19.250,faerlina,us,horde
AWFxcrZptCBz1hJN,PAF,Raid Y,2023-10-08 23:15:12.064,benediction,us,alliance
Qg8jLJbNPVpWFxTf,PAF,Raid Y,2023-10-08 20:07:49.059,benediction,us,alliance
xvZyNqtHXzmJDp6d,PAF,Toc 25 Y,2023-10-08 23:15:11.413,benediction,us,alliance
gXVATP3Nrwxk2qdF,PAF,Toc 25 X,2023-10-08 22:26:43.887,benediction,us,alliance
AVJ4TqvnbwZXgYxF,U P D A T I N G,Trial of the Crusader,2023-10-08 17:44:15.129,faerlina,us,horde
TW4HzJwn2xhKYLM7,Confia,ToGC10,2023-10-08 23:17:02.448,faerlina,us,horde
jC1N9HVaZhfWGmbr,Teleton,Trial of the Crusader,2023-10-08 22:21:51.889,faerlina,us,horde
kHBDnAmGMJ7QqWN4,Teleton,Unknown Zone,2023-10-08 22:22:58.473,faerlina,us,horde
nTq7tMy61Jw9RNrW,P R O J E T O,TOGC 25H 4/5 GDKP,2023-10-09 00:25:08.418,faerlina,us,horde
V7wdjBpGA18D2TZr,É Foda Bê,Trial of the Crusader,2023-10-09 23:06:27.365,benediction,us,alliance
aThwPBLxYCc2bFQW,PAF,Obs 3 drake,2023-10-10 03:03:44.589,benediction,us,alliance
XTjyYtQ2VGgKZ8Hc,Confia,ToGC,2023-10-10 00:26:28.950,faerlina,us,horde
R6gxknMVfWdTLbCZ,Confia,Ulduar Val do Gottin,2023-10-09 23:31:01.918,faerlina,us,horde
