name,faction,guild,server_region,class_spec,avg_parse
cmeasom0,horde,Biodex,Pagle-US,Warlock - Destruction,89.1
ftiery1,alliance,Bigtax,Pagle-US,Mage - Frost,78.6
lformigli2,horde,Namfix,Faerlina-US,Warlock - Demonology,84.8
bwolfart3,horde,Sonsing,Pagle-US,Hunter - Survival,81.7
lwakeling4,alliance,Kanlam,Arugal-US,Warlock - Destruction,69.7
lroyall5,alliance,Mat Lam Tam,Benediction-US,Death Knight - Frost,61.4
nhauger6,horde,Home Ing,Faerlina-US,Druid - Feral,64.3
dsamett7,alliance,Domainer,Whitemane-US,Warrior - Fury,89.8
msalt8,alliance,Viva,Pagle-US,Shaman - Enhancement,88.0
pdaintier9,alliance,Transcof,Mankrik-US,Warlock - Demonology,88.5
awharfea,horde,Span,Benediction-US,Death Knight - Blood (DPS),70.2
twaddamsb,horde,Zoolab,Benediction-US,Warlock - Affliction,67.3
jlacroutzc,alliance,Tampflex,Mankrik-US,Paladin - Retribution,76.7
bbroadleyd,alliance,Overhold,Faerlina-US,Mage - Frost,95.8
rbartrape,alliance,Zontrax,Faerlina-US,Warlock - Affliction,77.3
rbrimblef,horde,Subin,Whitemane-US,Druid - Feral,83.6
sjevong,alliance,Namfix,Pagle-US,Paladin - Retribution,94.8
dscortonh,horde,Y-Solowarm,Faerlina-US,Shaman - Enhancement,76.0
astanbroi,alliance,Keylex,Arugal-US,Mage - Fire,91.2
cmcallesterj,alliance,Toughjoyfax,Pagle-US,Death Knight - Blood (DPS),95.1
fgaliak,horde,Voltsillam,Whitemane-US,Shaman - Elemental,98.8
lcapperl,horde,Pannier,Pagle-US,Paladin - Retribution,82.5
mpalphramandm,alliance,Zamit,Grobbulus-US,Hunter - Marksmanship,65.1
gbayfordn,alliance,Voltsillam,Arugal-US,Warrior - Arms,89.5
mnossento,horde,Wrapsafe,Pagle-US,Warlock - Destruction,70.8
sloosemorep,alliance,Greenlam,Faerlina-US,Warlock - Affliction,70.9
ebaystonq,alliance,Y-Solowarm,Arugal-US,Rogue - Assassination,72.6
slewsleyr,horde,Tin,Grobbulus-US,Paladin - Retribution,95.6
umaces,horde,Asoka,Benediction-US,Mage - Frost,88.7
jkesont,alliance,Stronghold,Arugal-US,Mage - Arcane,72.7
acamillou,alliance,It,Whitemane-US,Warrior - Arms,97.4
rbrichamv,alliance,Flowdesk,Arugal-US,Priest - Shadow,94.4
emazzeow,alliance,Treeflex,Grobbulus-US,Death Knight - Unholy,75.3
rkippenx,horde,Fixflex,Grobbulus-US,Rogue - Subtlety,61.7
mkubackiy,horde,Overhold,Arugal-US,Warrior - Fury,93.8
kcurryerz,alliance,Voyatouch,Arugal-US,Rogue - Assassination,100.0
rjennens10,horde,Biodex,Whitemane-US,Hunter - Beast Mastery,66.6
omcinnery11,alliance,Stringtough,Grobbulus-US,Warrior - Arms,91.1
ccassel12,alliance,Fintone,Arugal-US,Hunter - Beast Mastery,99.0
hkaysor13,horde,Pannier,Grobbulus-US,Hunter - Survival,86.9
dcowx14,alliance,Kanlam,Whitemane-US,Druid - Feral,67.4
graymond15,alliance,Voyatouch,Arugal-US,Druid - Balance,72.2
mrichford16,alliance,Tempsoft,Mankrik-US,Warlock - Demonology,92.3
fgreedyer17,horde,Fix San,Faerlina-US,Death Knight - Unholy,92.5
cdzenisenka18,alliance,Toughjoyfax,Whitemane-US,Rogue - Combat,72.8
bhelliker19,alliance,Fintone,Faerlina-US,Warrior - Arms,96.0
leagan1a,alliance,Tres-Zap,Pagle-US,Hunter - Marksmanship,94.9
pharlowe1b,alliance,Home Ing,Arugal-US,Death Knight - Frost,79.8
rmargrem1c,horde,Bamity,Grobbulus-US,Hunter - Marksmanship,72.3
bdellenbrook1d,horde,Tres-Zap,Whitemane-US,Shaman - Enhancement,67.8
nhorwell1e,horde,Tin,Whitemane-US,Warlock - Affliction,80.0
gdebrick1f,horde,Fixflex,Mankrik-US,Hunter - Survival,98.9
lcenter1g,alliance,Solarbreeze,Pagle-US,Hunter - Beast Mastery,67.2
lrive1h,horde,Tin,Benediction-US,Warrior - Fury,89.9
mguichard1i,horde,Tresom,Pagle-US,Warlock - Demonology,77.2
gscreeton1j,horde,Tampflex,Faerlina-US,Druid - Feral,68.9
cyellep1k,horde,Y-find,Faerlina-US,Priest - Shadow,73.3
mboller1l,horde,Alphazap,Arugal-US,Shaman - Elemental,99.3
efarnall1m,horde,Wrapsafe,Arugal-US,Priest - Shadow,84.0
dfilde1n,horde,Opela,Arugal-US,Druid - Feral,86.6
msumsion1o,horde,Home Ing,Faerlina-US,Paladin - Retribution,68.9
thews1p,horde,Biodex,Arugal-US,Paladin - Retribution,84.2
kstealfox1q,alliance,Span,Pagle-US,Priest - Shadow,73.1
cgoudy1r,horde,Temp,Faerlina-US,Warlock - Affliction,96.2
aalgie1s,alliance,Opela,Benediction-US,Warrior - Fury,85.0
rboland1t,horde,Cookley,Arugal-US,Rogue - Assassination,71.1
gbesnardeau1u,alliance,Treeflex,Arugal-US,Warrior - Fury,64.0
vsparshutt1v,horde,Flexidy,Whitemane-US,Druid - Balance,77.3
bquarton1w,horde,Bigtax,Benediction-US,Warlock - Affliction,78.4
rhawkswell1x,horde,Stim,Benediction-US,Warlock - Destruction,63.1
mtrippitt1y,horde,Asoka,Faerlina-US,Mage - Arcane,76.8
nmahon1z,horde,Sonair,Grobbulus-US,Rogue - Assassination,73.8
ecorby20,horde,Opela,Arugal-US,Shaman - Elemental,65.4
tcaser21,horde,Tempsoft,Mankrik-US,Druid - Balance,73.3
rlawey22,horde,Aerified,Benediction-US,Priest - Shadow,88.8
rrayworth23,alliance,Konklux,Grobbulus-US,Rogue - Subtlety,62.8
sandress24,alliance,Ventosanzap,Benediction-US,Mage - Fire,68.1
gduncklee25,horde,Tin,Faerlina-US,Warlock - Affliction,62.4
aspelwood26,horde,Bamity,Arugal-US,Warlock - Affliction,92.9
jkonke27,alliance,Andalax,Arugal-US,Warlock - Affliction,90.1
acollinge28,horde,Holdlamis,Pagle-US,Shaman - Enhancement,84.7
darmatidge29,alliance,Fix San,Faerlina-US,Shaman - Enhancement,94.8
ascates2a,horde,Flexidy,Arugal-US,Warrior - Fury,68.5
ygowanson2b,alliance,Sub-Ex,Grobbulus-US,Shaman - Elemental,91.5
mosler2c,alliance,Wrapsafe,Whitemane-US,Paladin - Retribution,78.4
jivanishev2d,horde,Tampflex,Grobbulus-US,Rogue - Assassination,87.1
glesper2e,alliance,Viva,Arugal-US,Rogue - Subtlety,75.8
jcastiglioni2f,horde,Job,Grobbulus-US,Death Knight - Frost,75.4
cmaddison2g,alliance,Zathin,Pagle-US,Mage - Arcane,69.7
ccranmore2h,horde,Gembucket,Arugal-US,Shaman - Elemental,94.3
tbrigginshaw2i,alliance,Span,Whitemane-US,Mage - Frost,76.1
selnor2j,alliance,Sub-Ex,Faerlina-US,Warlock - Destruction,64.4
rgreatorex2k,alliance,Fintone,Grobbulus-US,Rogue - Assassination,73.9
rmix2l,horde,Zoolab,Pagle-US,Warrior - Fury,69.7
tvairow2m,alliance,Hatity,Arugal-US,Warrior - Arms,79.0
lbarbrook2n,alliance,Regrant,Grobbulus-US,Shaman - Elemental,76.9
bmclane2o,horde,Duobam,Whitemane-US,Hunter - Survival,70.2
cfury2p,horde,Aerified,Mankrik-US,Hunter - Marksmanship,84.4
tvonwelden2q,horde,Sonair,Grobbulus-US,Mage - Arcane,70.8
hparaman2r,alliance,Biodex,Grobbulus-US,Mage - Frost,76.6
kpowdrill2s,horde,Tin,Faerlina-US,Rogue - Subtlety,87.4
eroxbee2t,horde,Tin,Mankrik-US,Druid - Feral,93.3
ccollick2u,horde,Veribet,Mankrik-US,Warrior - Fury,98.1
ethrower2v,horde,Trippledex,Faerlina-US,Druid - Balance,95.1
egypson2w,alliance,Cardify,Faerlina-US,Druid - Feral,77.0
eellsworthe2x,horde,Domainer,Benediction-US,Rogue - Combat,68.1
lmallalieu2y,alliance,It,Benediction-US,Warlock - Destruction,96.6
alavington2z,horde,Redhold,Benediction-US,Warrior - Fury,88.9
wromanelli30,horde,Voyatouch,Pagle-US,Death Knight - Blood (DPS),92.0
tbartoli31,alliance,Mat Lam Tam,Arugal-US,Warrior - Arms,92.9
zpope32,alliance,Sonsing,Arugal-US,Death Knight - Unholy,86.8
mmccallister33,alliance,Zoolab,Benediction-US,Priest - Shadow,93.3
drohan34,horde,Namfix,Arugal-US,Mage - Arcane,62.1
thayford35,horde,Subin,Benediction-US,Death Knight - Frost,63.3
asudran36,alliance,Lotstring,Faerlina-US,Priest - Shadow,61.2
mjuhruke37,horde,Lotstring,Benediction-US,Rogue - Assassination,66.3
bdeverille38,alliance,Fixflex,Arugal-US,Rogue - Combat,78.0
cwinship39,horde,Prodder,Faerlina-US,Druid - Balance,83.8
gagar3a,horde,Redhold,Grobbulus-US,Druid - Feral,61.6
bcrosthwaite3b,horde,Viva,Faerlina-US,Hunter - Beast Mastery,73.8
ttreweke3c,alliance,Zaam-Dox,Benediction-US,Paladin - Retribution,92.7
waizikovitch3d,alliance,Kanlam,Pagle-US,Mage - Fire,70.4
akempton3e,alliance,Zamit,Benediction-US,Shaman - Enhancement,68.4
sbanbrigge3f,horde,Tin,Benediction-US,Rogue - Combat,62.9
bwallwood3g,alliance,Konklab,Faerlina-US,Hunter - Beast Mastery,64.1
mmerrick3h,horde,Tresom,Benediction-US,Shaman - Enhancement,66.3
cgumme3i,alliance,Daltfresh,Faerlina-US,Death Knight - Unholy,96.9
lgarratty3j,alliance,Ventosanzap,Benediction-US,Hunter - Beast Mastery,96.0
rbrugger3k,horde,It,Grobbulus-US,Rogue - Combat,70.6
lmactrustam3l,alliance,Overhold,Whitemane-US,Rogue - Subtlety,75.4
omulhill3m,alliance,Lotlux,Mankrik-US,Rogue - Subtlety,62.3
bpavkovic3n,horde,Fixflex,Grobbulus-US,Warrior - Arms,97.8
rberney3o,horde,Tresom,Mankrik-US,Mage - Frost,80.1
tharrison3p,horde,Domainer,Faerlina-US,Rogue - Assassination,90.8
bgainsboro3q,horde,Bamity,Faerlina-US,Mage - Fire,67.9
lheather3r,alliance,Otcom,Pagle-US,Hunter - Survival,86.0
pdreschler3s,alliance,Kanlam,Grobbulus-US,Mage - Frost,86.0
rhassin3t,alliance,Lotstring,Benediction-US,Warlock - Affliction,96.3
lratie3u,horde,Vagram,Grobbulus-US,Mage - Arcane,92.3
kzimmerman3v,alliance,Konklux,Faerlina-US,Shaman - Enhancement,68.0
jwheaton3w,horde,Bamity,Pagle-US,Rogue - Combat,92.7
mdanforth3x,alliance,Treeflex,Grobbulus-US,Rogue - Combat,66.1
kcamilio3y,horde,Biodex,Mankrik-US,Paladin - Retribution,98.0
gkinner3z,horde,Bamity,Arugal-US,Shaman - Elemental,82.7
wzaniolo40,horde,Tempsoft,Benediction-US,Mage - Frost,70.4
kbeddis41,horde,Trippledex,Grobbulus-US,Rogue - Combat,71.4
smulchrone42,alliance,Latlux,Pagle-US,Hunter - Marksmanship,63.8
jsyce43,alliance,Y-Solowarm,Arugal-US,Druid - Feral,84.6
totoole44,horde,Tempsoft,Benediction-US,Paladin - Retribution,85.4
htixier45,alliance,Aerified,Benediction-US,Hunter - Survival,96.7
xarmit46,horde,Fixflex,Faerlina-US,Rogue - Combat,65.2
kgisbey47,alliance,Pannier,Benediction-US,Shaman - Enhancement,88.7
dredgrave48,horde,Sub-Ex,Mankrik-US,Rogue - Combat,69.5
tbethune49,horde,Cookley,Pagle-US,Death Knight - Unholy,87.8
gcarlon4a,horde,Veribet,Faerlina-US,Death Knight - Frost,82.0
mgetch4b,alliance,Prodder,Benediction-US,Hunter - Beast Mastery,93.7
nbower4c,alliance,Konklux,Grobbulus-US,Warlock - Affliction,71.5
bwattam4d,horde,Flexidy,Grobbulus-US,Warrior - Fury,79.9
graw4e,horde,Duobam,Mankrik-US,Warrior - Fury,62.1
ddonet4f,horde,Bytecard,Faerlina-US,Hunter - Marksmanship,79.1
rnancekivell4g,horde,Voltsillam,Whitemane-US,Mage - Frost,90.9
khawse4h,alliance,Sonsing,Faerlina-US,Warrior - Arms,82.7
agillibrand4i,alliance,Regrant,Whitemane-US,Mage - Arcane,80.6
mdahler4j,horde,Fix San,Whitemane-US,Shaman - Elemental,64.2
bmcilmorow4k,alliance,Sonsing,Grobbulus-US,Death Knight - Unholy,84.6
khaig4l,horde,Temp,Whitemane-US,Mage - Frost,73.6
evandriel4m,alliance,Wrapsafe,Grobbulus-US,Warlock - Affliction,93.2
jpaxforde4n,horde,Ventosanzap,Arugal-US,Rogue - Assassination,79.8
scurrm4o,alliance,Lotlux,Mankrik-US,Rogue - Assassination,61.0
mleschelle4p,alliance,Greenlam,Benediction-US,Death Knight - Unholy,95.2
kcruden4q,horde,Holdlamis,Faerlina-US,Hunter - Survival,73.1
frenoden4r,horde,It,Mankrik-US,Shaman - Enhancement,69.9
llucas4s,horde,Cardguard,Arugal-US,Warrior - Fury,63.5
hsmewing4t,horde,Tin,Grobbulus-US,Death Knight - Blood (DPS),64.1
mapplewhite4u,horde,Treeflex,Grobbulus-US,Warlock - Demonology,97.7
ntrank4v,alliance,Treeflex,Grobbulus-US,Warrior - Fury,80.2
bditchburn4w,horde,Tempsoft,Mankrik-US,Druid - Balance,73.2
lsheffield4x,alliance,Alphazap,Pagle-US,Hunter - Marksmanship,78.4
jpurple4y,horde,Asoka,Grobbulus-US,Mage - Arcane,65.0
wvellacott4z,alliance,Flowdesk,Faerlina-US,Priest - Shadow,69.4
astoffler50,horde,Regrant,Whitemane-US,Mage - Frost,97.7
wclaworth51,alliance,Rank,Faerlina-US,Warlock - Destruction,89.8
fsheran52,alliance,Flowdesk,Pagle-US,Warlock - Demonology,65.0
vseefeldt53,alliance,Y-Solowarm,Benediction-US,Warrior - Arms,75.5
dpetrik54,alliance,Tampflex,Arugal-US,Warlock - Affliction,97.1
gmcenhill55,horde,Hatity,Whitemane-US,Death Knight - Blood (DPS),76.9
kwooler56,horde,Vagram,Mankrik-US,Druid - Balance,82.8
sstoller57,alliance,Latlux,Whitemane-US,Hunter - Beast Mastery,61.8
ehosier58,alliance,Wrapsafe,Grobbulus-US,Mage - Frost,71.6
pzielinski59,alliance,Home Ing,Arugal-US,Mage - Arcane,79.9
sstannas5a,alliance,Cookley,Faerlina-US,Warlock - Destruction,87.3
odufoure5b,horde,Ventosanzap,Grobbulus-US,Warrior - Fury,73.9
egalego5c,horde,Konklux,Grobbulus-US,Paladin - Retribution,83.0
cmarklew5d,horde,Kanlam,Faerlina-US,Death Knight - Unholy,78.5
sjahns5e,alliance,Toughjoyfax,Faerlina-US,Death Knight - Frost,71.2
aandreopolos5f,horde,Hatity,Mankrik-US,Mage - Fire,90.7
tlevensky5g,alliance,Tempsoft,Arugal-US,Shaman - Enhancement,64.0
wspore5h,horde,Lotlux,Arugal-US,Warrior - Fury,84.6
rsandon5i,horde,Prodder,Benediction-US,Warlock - Affliction,81.6
pzukerman5j,alliance,Home Ing,Pagle-US,Warlock - Affliction,80.1
acaccavale5k,alliance,Stringtough,Mankrik-US,Priest - Shadow,66.4
wshotter5l,alliance,Y-find,Faerlina-US,Death Knight - Blood (DPS),60.2
otolworthie5m,alliance,Matsoft,Faerlina-US,Warrior - Arms,85.3
tgilling5n,alliance,Y-find,Pagle-US,Hunter - Survival,73.8
mmartinello5o,alliance,Stim,Faerlina-US,Death Knight - Blood (DPS),96.9
kkneeland5p,alliance,Sub-Ex,Arugal-US,Warlock - Destruction,82.2
etongue5q,alliance,Zamit,Benediction-US,Warlock - Affliction,93.7
mblazdell5r,horde,Lotlux,Whitemane-US,Mage - Fire,86.2
tdestoop5s,alliance,Asoka,Grobbulus-US,Warlock - Affliction,86.7
bpacht5t,alliance,Fixflex,Benediction-US,Death Knight - Frost,79.3
dvolker5u,alliance,Fintone,Mankrik-US,Druid - Feral,90.8
aeverleigh5v,alliance,Matsoft,Pagle-US,Hunter - Marksmanship,65.8
vlukes5w,alliance,Flowdesk,Grobbulus-US,Death Knight - Frost,66.0
gcours5x,horde,Stronghold,Pagle-US,Druid - Balance,71.1
cigoe5y,horde,Stronghold,Arugal-US,Mage - Frost,68.9
adyett5z,alliance,Zamit,Whitemane-US,Priest - Shadow,81.1
adomico60,alliance,Fintone,Pagle-US,Rogue - Combat,92.5
cdearsley61,horde,Flowdesk,Grobbulus-US,Priest - Shadow,79.0
cdodworth62,alliance,Andalax,Whitemane-US,Death Knight - Blood (DPS),98.3
rjoule63,alliance,Tampflex,Pagle-US,Rogue - Combat,63.9
mbottle64,horde,Bytecard,Mankrik-US,Warlock - Destruction,78.2
aburner65,horde,Y-Solowarm,Mankrik-US,Death Knight - Blood (DPS),77.7
smonkeman66,horde,Sub-Ex,Arugal-US,Mage - Frost,75.6
lvandrill67,alliance,Treeflex,Benediction-US,Hunter - Survival,65.5
apridding68,horde,Flowdesk,Mankrik-US,Death Knight - Blood (DPS),90.4
ijindacek69,alliance,It,Mankrik-US,Priest - Shadow,89.7
mgullane6a,alliance,Temp,Faerlina-US,Hunter - Marksmanship,69.3
aibert6b,horde,Veribet,Benediction-US,Shaman - Enhancement,74.0
mgentric6c,horde,Asoka,Grobbulus-US,Warlock - Destruction,89.3
mingilson6d,alliance,Alphazap,Arugal-US,Rogue - Assassination,61.0
hdoppler6e,alliance,Viva,Benediction-US,Mage - Arcane,71.3
amault6f,horde,Cardguard,Grobbulus-US,Priest - Shadow,71.9
afaudrie6g,alliance,Bamity,Pagle-US,Rogue - Assassination,68.9
nbancroft6h,horde,Konklab,Benediction-US,Rogue - Assassination,84.8
blukacs6i,horde,Tres-Zap,Benediction-US,Druid - Feral,88.1
rskittles6j,alliance,Prodder,Faerlina-US,Paladin - Retribution,89.5
asackur6k,alliance,Sonair,Pagle-US,Warrior - Fury,73.6
lbuttrick6l,horde,Otcom,Arugal-US,Death Knight - Blood (DPS),64.4
craiman6m,alliance,Treeflex,Mankrik-US,Rogue - Combat,95.0
rbentinck6n,horde,Ronstring,Grobbulus-US,Mage - Fire,61.3
pdobbson6o,horde,Namfix,Pagle-US,Paladin - Retribution,70.1
cocrigan6p,alliance,Y-find,Mankrik-US,Warlock - Destruction,60.1
paustin6q,alliance,Zathin,Mankrik-US,Rogue - Subtlety,65.8
wgenicke6r,horde,Flexidy,Pagle-US,Mage - Arcane,92.3
mboots6s,horde,Ventosanzap,Faerlina-US,Shaman - Enhancement,85.7
dblacket6t,alliance,Hatity,Whitemane-US,Rogue - Assassination,84.8
lwoodroof6u,horde,Hatity,Pagle-US,Death Knight - Blood (DPS),92.2
arosenthaler6v,alliance,Prodder,Grobbulus-US,Rogue - Combat,97.2
dcrichton6w,alliance,Bitchip,Faerlina-US,Shaman - Elemental,80.4
lfritche6x,horde,Veribet,Grobbulus-US,Death Knight - Frost,88.2
qsealeaf6y,horde,Greenlam,Benediction-US,Druid - Feral,81.3
kjenking6z,horde,Aerified,Faerlina-US,Hunter - Beast Mastery,90.7
jjammet70,horde,Konklab,Faerlina-US,Warlock - Affliction,62.8
ephilps71,alliance,Namfix,Mankrik-US,Mage - Arcane,61.7
ejosilowski72,alliance,Lotstring,Faerlina-US,Priest - Shadow,89.2
wsmalls73,horde,Voyatouch,Mankrik-US,Druid - Balance,97.0
bdeener74,horde,Zoolab,Arugal-US,Druid - Balance,61.9
jjovasevic75,alliance,Otcom,Whitemane-US,Warlock - Demonology,79.4
mpavlov76,alliance,Keylex,Benediction-US,Shaman - Enhancement,95.0
rkinder77,alliance,Fix San,Pagle-US,Hunter - Survival,96.3
kfennelow78,alliance,Duobam,Whitemane-US,Warlock - Affliction,80.6
rkeele79,horde,Keylex,Arugal-US,Warlock - Demonology,63.0
rbantock7a,alliance,Biodex,Mankrik-US,Mage - Frost,61.0
hpicton7b,alliance,Ronstring,Grobbulus-US,Paladin - Retribution,93.3
bskermer7c,horde,Tempsoft,Mankrik-US,Death Knight - Frost,89.4
bdavidowich7d,horde,Subin,Whitemane-US,Hunter - Marksmanship,65.8
hnovic7e,alliance,Lotstring,Whitemane-US,Priest - Shadow,93.1
dfort7f,alliance,Holdlamis,Arugal-US,Mage - Frost,79.1
gcowperthwaite7g,horde,Bitchip,Grobbulus-US,Priest - Shadow,87.1
bbyrde7h,horde,Prodder,Benediction-US,Warrior - Arms,72.0
jwinsborrow7i,horde,Vagram,Benediction-US,Mage - Frost,94.9
efaraday7j,horde,Tresom,Pagle-US,Rogue - Subtlety,68.2
mlaffan7k,alliance,Vagram,Faerlina-US,Druid - Feral,93.4
mwhibley7l,alliance,Opela,Faerlina-US,Shaman - Enhancement,80.3
lavrahamoff7m,horde,Andalax,Whitemane-US,Mage - Arcane,67.5
jhackworthy7n,alliance,Overhold,Whitemane-US,Mage - Arcane,97.3
ayearn7o,horde,Sub-Ex,Faerlina-US,Warlock - Destruction,71.8
lmiddell7p,alliance,Viva,Pagle-US,Shaman - Enhancement,79.6
hcoling7q,horde,Regrant,Benediction-US,Mage - Arcane,64.0
bwinkle7r,horde,Konklab,Mankrik-US,Death Knight - Unholy,85.6
aetuck7s,horde,Bitwolf,Mankrik-US,Rogue - Subtlety,82.4
ladderson7t,horde,Y-Solowarm,Whitemane-US,Druid - Feral,75.5
pfrissell7u,horde,Overhold,Benediction-US,Death Knight - Blood (DPS),87.0
rblockey7v,horde,Matsoft,Mankrik-US,Mage - Fire,72.1
laldiss7w,alliance,Y-Solowarm,Pagle-US,Mage - Arcane,97.5
dsheryn7x,horde,Overhold,Grobbulus-US,Death Knight - Blood (DPS),81.5
dthurby7y,horde,Gembucket,Arugal-US,Death Knight - Frost,95.4
lforshaw7z,horde,It,Arugal-US,Druid - Balance,78.5
gbaytrop80,horde,Job,Benediction-US,Shaman - Elemental,87.2
vjenkerson81,horde,Bytecard,Faerlina-US,Mage - Frost,93.1
abarwood82,horde,Job,Benediction-US,Rogue - Assassination,81.0
atrayte83,alliance,Zathin,Pagle-US,Warlock - Destruction,80.9
eshildrake84,alliance,Zathin,Benediction-US,Paladin - Retribution,65.0
vscola85,alliance,Greenlam,Whitemane-US,Warrior - Arms,85.8
vcarine86,horde,Sonair,Mankrik-US,Warrior - Arms,89.8
hiacobini87,horde,Bytecard,Faerlina-US,Warlock - Affliction,60.9
rmotton88,alliance,Zoolab,Whitemane-US,Hunter - Survival,69.9
coloman89,alliance,Tresom,Grobbulus-US,Shaman - Enhancement,77.1
hmacmychem8a,horde,Zamit,Whitemane-US,Hunter - Beast Mastery,68.9
gsappy8b,alliance,Keylex,Grobbulus-US,Druid - Balance,71.5
jmotte8c,alliance,Tempsoft,Pagle-US,Mage - Fire,72.3
gzack8d,alliance,Cardguard,Arugal-US,Mage - Arcane,82.8
zsallings8e,alliance,Vagram,Arugal-US,Druid - Feral,64.0
zquested8f,horde,Transcof,Whitemane-US,Rogue - Combat,60.8
kgogan8g,horde,Matsoft,Pagle-US,Warrior - Fury,90.3
aeatttok8h,alliance,Job,Grobbulus-US,Rogue - Assassination,82.8
dmansford8i,horde,Cookley,Grobbulus-US,Death Knight - Blood (DPS),69.5
pwordesworth8j,horde,Kanlam,Faerlina-US,Mage - Frost,95.2
kaudiss8k,alliance,Bitchip,Pagle-US,Mage - Fire,96.2
taarons8l,horde,Solarbreeze,Faerlina-US,Mage - Arcane,82.7
twinchurch8m,horde,Wrapsafe,Pagle-US,Warlock - Demonology,95.1
apeasegod8n,horde,Wrapsafe,Arugal-US,Hunter - Marksmanship,99.2
aterbeck8o,horde,Zamit,Pagle-US,Mage - Arcane,86.8
obaldacchi8p,alliance,Sonair,Arugal-US,Warlock - Demonology,62.2
agirk8q,horde,Hatity,Whitemane-US,Warlock - Affliction,70.8
jgreenless8r,alliance,Redhold,Arugal-US,Warlock - Destruction,94.0
rgoldfinch8s,horde,Mat Lam Tam,Arugal-US,Death Knight - Frost,64.6
apoulson8t,alliance,Tampflex,Pagle-US,Mage - Arcane,98.0
lspeer8u,alliance,Overhold,Pagle-US,Warlock - Destruction,86.3
bverlinde8v,horde,Veribet,Benediction-US,Rogue - Subtlety,81.9
lmorrott8w,alliance,Solarbreeze,Mankrik-US,Hunter - Beast Mastery,72.8
beddins8x,alliance,Alpha,Mankrik-US,Shaman - Enhancement,70.2
kmoss8y,horde,Tampflex,Faerlina-US,Druid - Balance,83.0
dtaffarello8z,alliance,Gembucket,Mankrik-US,Rogue - Subtlety,83.0
mdavitti90,alliance,Trippledex,Whitemane-US,Druid - Balance,87.3
fdulling91,alliance,Greenlam,Arugal-US,Hunter - Beast Mastery,93.0
abecks92,alliance,Fintone,Whitemane-US,Druid - Feral,60.9
bcawkill93,alliance,Ventosanzap,Faerlina-US,Hunter - Survival,60.5
smatiashvili94,horde,Subin,Mankrik-US,Warlock - Destruction,90.9
nollier95,alliance,Mat Lam Tam,Arugal-US,Paladin - Retribution,93.6
cduffin96,alliance,Fixflex,Mankrik-US,Rogue - Combat,89.9
chightown97,horde,Daltfresh,Pagle-US,Rogue - Combat,99.6
cmanjot98,horde,Daltfresh,Benediction-US,Priest - Shadow,99.2
ascneider99,horde,Stronghold,Faerlina-US,Warlock - Affliction,65.4
ewoodhead9a,alliance,Voyatouch,Faerlina-US,Druid - Balance,66.1
tmaffioletti9b,horde,Holdlamis,Grobbulus-US,Rogue - Subtlety,89.6
gacedo9c,horde,Fixflex,Pagle-US,Warrior - Arms,76.2
mfetherston9d,alliance,Fixflex,Whitemane-US,Druid - Feral,91.7
snewlove9e,horde,Y-Solowarm,Mankrik-US,Rogue - Subtlety,99.5
glovat9f,horde,Home Ing,Arugal-US,Warlock - Demonology,72.9
swhorlow9g,alliance,Treeflex,Mankrik-US,Warlock - Demonology,77.9
wtodaro9h,alliance,Treeflex,Grobbulus-US,Priest - Shadow,61.4
ccuckson9i,alliance,Bitwolf,Grobbulus-US,Paladin - Retribution,82.9
jmcness9j,horde,Keylex,Grobbulus-US,Hunter - Beast Mastery,92.4
givchenko9k,alliance,Temp,Pagle-US,Druid - Feral,79.1
bswitzer9l,horde,Vagram,Pagle-US,Warlock - Destruction,77.5
bkilliner9m,horde,Viva,Benediction-US,Rogue - Combat,82.2
lscholey9n,alliance,Domainer,Faerlina-US,Warrior - Arms,95.8
fmccarry9o,alliance,Flexidy,Faerlina-US,Warlock - Affliction,81.6
jdommersen9p,alliance,Opela,Whitemane-US,Death Knight - Blood (DPS),60.4
csurtees9q,horde,Stim,Faerlina-US,Priest - Shadow,83.8
bfibbitts9r,alliance,Stronghold,Arugal-US,Rogue - Combat,64.5
lbrahams9s,alliance,Andalax,Faerlina-US,Mage - Frost,96.8
gfordy9t,horde,Prodder,Whitemane-US,Death Knight - Unholy,89.2
lscrane9u,alliance,Voltsillam,Grobbulus-US,Paladin - Retribution,75.1
twisbey9v,horde,Biodex,Arugal-US,Hunter - Marksmanship,60.2
mkoenraad9w,horde,Otcom,Mankrik-US,Druid - Balance,84.2
aserridge9x,alliance,Cardguard,Benediction-US,Mage - Frost,79.4
ddubarry9y,horde,Asoka,Grobbulus-US,Warlock - Demonology,76.2
igutierrez9z,alliance,Span,Benediction-US,Mage - Fire,89.3
cpapena0,alliance,Sub-Ex,Mankrik-US,Mage - Fire,95.8
rprugela1,horde,Zaam-Dox,Whitemane-US,Shaman - Elemental,65.0
srubinowicza2,horde,Span,Arugal-US,Warlock - Affliction,94.6
rbabingtona3,alliance,Sub-Ex,Benediction-US,Hunter - Marksmanship,86.2
lsmouta4,horde,Alphazap,Benediction-US,Warlock - Affliction,86.2
sschruursa5,horde,Voyatouch,Arugal-US,Rogue - Subtlety,61.2
gbellochta6,alliance,Sub-Ex,Grobbulus-US,Warrior - Arms,88.2
mlebarreea7,alliance,Hatity,Benediction-US,Death Knight - Blood (DPS),94.5
dgraynea8,alliance,Bigtax,Whitemane-US,Rogue - Assassination,63.8
chobbena9,horde,Toughjoyfax,Pagle-US,Warrior - Fury,63.9
dbyshaa,alliance,Otcom,Pagle-US,Druid - Feral,74.7
bhinchamab,alliance,Bamity,Grobbulus-US,Rogue - Combat,83.2
asaladinac,horde,Tin,Mankrik-US,Mage - Fire,78.8
ltutchingsad,horde,Stringtough,Whitemane-US,Death Knight - Frost,66.1
acottuae,horde,Prodder,Mankrik-US,Priest - Shadow,89.1
cdykinsaf,horde,Asoka,Faerlina-US,Mage - Frost,63.0
khealesag,alliance,Bamity,Benediction-US,Warrior - Fury,61.8
cfeakeah,alliance,Viva,Benediction-US,Warlock - Destruction,92.9
jpollenai,horde,Sonair,Pagle-US,Mage - Fire,77.6
jhorwellaj,horde,Mat Lam Tam,Mankrik-US,Warrior - Fury,72.1
bbarhemsak,horde,Fixflex,Grobbulus-US,Warlock - Affliction,74.1
kkindleyal,alliance,Cardify,Grobbulus-US,Rogue - Assassination,79.8
ikinchleaam,alliance,Cardguard,Pagle-US,Warlock - Affliction,60.2
lbourchieran,alliance,Zoolab,Arugal-US,Druid - Balance,77.1
mheaffeyao,horde,Job,Grobbulus-US,Priest - Shadow,68.4
whaddintonap,alliance,Subin,Mankrik-US,Warlock - Affliction,97.0
togilvyaq,alliance,Namfix,Arugal-US,Druid - Balance,93.4
mduddlear,horde,Fix San,Benediction-US,Death Knight - Blood (DPS),91.3
cjellybrandas,horde,Holdlamis,Arugal-US,Druid - Balance,62.1
tcharityat,horde,Toughjoyfax,Whitemane-US,Druid - Feral,89.3
labellaau,alliance,Wrapsafe,Benediction-US,Warrior - Fury,98.0
hjakubowskiav,horde,Kanlam,Faerlina-US,Hunter - Beast Mastery,79.7
gleadbeateraw,horde,Prodder,Pagle-US,Warlock - Demonology,62.9
awurstax,alliance,Aerified,Faerlina-US,Druid - Feral,94.5
rphelpsay,alliance,Aerified,Faerlina-US,Warlock - Demonology,67.2
hmaynardaz,alliance,Konklab,Grobbulus-US,Druid - Balance,91.1
ohavikb0,horde,It,Arugal-US,Warrior - Arms,69.1
rwitzb1,alliance,Prodder,Benediction-US,Death Knight - Unholy,87.9
cdeluzeb2,horde,Andalax,Grobbulus-US,Warlock - Destruction,90.1
equoganb3,alliance,Stringtough,Faerlina-US,Shaman - Elemental,98.3
kshrimplingb4,alliance,Tres-Zap,Whitemane-US,Shaman - Elemental,67.8
amoraledab5,alliance,Matsoft,Mankrik-US,Shaman - Enhancement,62.7
flittefairb6,horde,Fintone,Grobbulus-US,Warlock - Destruction,61.3
mdesmondb7,horde,Tampflex,Benediction-US,Paladin - Retribution,90.0
mluisb8,horde,Bigtax,Arugal-US,Hunter - Beast Mastery,75.6
cmcgerraghtyb9,alliance,Ronstring,Faerlina-US,Warlock - Affliction,82.6
cpassyba,alliance,Alphazap,Whitemane-US,Rogue - Subtlety,80.3
pmarjorambb,alliance,Sonair,Mankrik-US,Warlock - Destruction,81.1
cscrivenbc,alliance,Matsoft,Grobbulus-US,Priest - Shadow,93.1
callsoppbd,horde,Konklab,Arugal-US,Warrior - Arms,84.9
wmuslabe,alliance,Flowdesk,Grobbulus-US,Rogue - Subtlety,97.0
creecebf,horde,Gembucket,Grobbulus-US,Paladin - Retribution,78.2
vbasinigazzibg,horde,Wrapsafe,Grobbulus-US,Death Knight - Blood (DPS),92.8
ebolzmannbh,alliance,Bytecard,Benediction-US,Warrior - Fury,97.3
smyallbi,horde,Wrapsafe,Whitemane-US,Hunter - Beast Mastery,77.5
scuddehaybj,horde,Biodex,Grobbulus-US,Mage - Fire,91.7
mdebankebk,alliance,Matsoft,Pagle-US,Mage - Fire,69.5
mivashinnikovbl,alliance,Pannier,Pagle-US,Shaman - Elemental,73.3
lcarseybm,horde,Cardify,Faerlina-US,Mage - Fire,94.2
lberfootbn,alliance,Ventosanzap,Pagle-US,Priest - Shadow,84.9
elivesaybo,alliance,Bytecard,Faerlina-US,Warrior - Fury,88.9
urunacresbp,horde,Namfix,Grobbulus-US,Death Knight - Blood (DPS),91.7
cruzickabq,horde,Voltsillam,Benediction-US,Hunter - Survival,63.9
mchaplinbr,horde,Stim,Benediction-US,Druid - Feral,81.3
lklasenbs,alliance,Ventosanzap,Benediction-US,Priest - Shadow,85.2
kbaldinibt,alliance,Cardify,Faerlina-US,Mage - Fire,86.1
jcathcartbu,alliance,Greenlam,Whitemane-US,Hunter - Marksmanship,82.0
cbirchettbv,horde,Trippledex,Grobbulus-US,Warrior - Fury,72.3
kdaughtrybw,alliance,Zontrax,Benediction-US,Rogue - Assassination,77.7
mcoulthurstbx,horde,Lotlux,Mankrik-US,Rogue - Assassination,79.3
bdallanby,horde,Lotlux,Benediction-US,Paladin - Retribution,92.4
aciricbz,horde,Duobam,Pagle-US,Rogue - Combat,61.9
fwraxallc0,alliance,Biodex,Faerlina-US,Priest - Shadow,63.7
wdeportec1,alliance,Daltfresh,Arugal-US,Death Knight - Frost,88.2
csurteesc2,alliance,Temp,Grobbulus-US,Mage - Arcane,76.5
csiggeryc3,alliance,Bitchip,Faerlina-US,Mage - Fire,75.8
agarbottc4,alliance,Tres-Zap,Whitemane-US,Death Knight - Unholy,81.4
ddaventryc5,horde,Otcom,Faerlina-US,Paladin - Retribution,70.2
cemmisonc6,alliance,Solarbreeze,Grobbulus-US,Death Knight - Blood (DPS),67.6
maslettc7,horde,Sonsing,Mankrik-US,Death Knight - Frost,68.6
sattyc8,horde,Vagram,Grobbulus-US,Warlock - Affliction,71.0
plindbackc9,horde,Fintone,Grobbulus-US,Mage - Frost,81.5
dfrierca,horde,Asoka,Benediction-US,Hunter - Survival,91.7
fglastonburycb,horde,Y-find,Arugal-US,Druid - Feral,95.7
rszymoncc,alliance,Vagram,Whitemane-US,Priest - Shadow,78.7
ehakonssoncd,alliance,Temp,Whitemane-US,Warlock - Affliction,83.9
edaldance,horde,Bitchip,Grobbulus-US,Hunter - Marksmanship,60.6
cpettettcf,horde,Stronghold,Grobbulus-US,Warlock - Destruction,77.8
darnholzcg,alliance,Bamity,Pagle-US,Druid - Balance,60.3
daddlestonech,alliance,Tres-Zap,Mankrik-US,Death Knight - Frost,85.9
lgowdyci,alliance,Sub-Ex,Faerlina-US,Druid - Balance,68.8
rstuddeardcj,horde,Span,Benediction-US,Druid - Balance,68.0
taventck,alliance,Kanlam,Pagle-US,Death Knight - Frost,65.0
mschwaigercl,horde,Duobam,Arugal-US,Warrior - Arms,97.0
tburlandcm,horde,Asoka,Whitemane-US,Death Knight - Unholy,77.1
blambrechtcn,horde,Regrant,Pagle-US,Warrior - Arms,98.5
dantonssonco,horde,Zontrax,Benediction-US,Death Knight - Unholy,66.1
fglanistercp,alliance,Konklab,Faerlina-US,Shaman - Enhancement,70.4
kdranfieldcq,horde,Flowdesk,Mankrik-US,Druid - Balance,70.9
myolecr,horde,Zathin,Arugal-US,Shaman - Elemental,84.5
tlowmancs,alliance,Bitchip,Grobbulus-US,Rogue - Assassination,86.1
aprydect,alliance,Stronghold,Pagle-US,Paladin - Retribution,84.7
gsilburncu,alliance,Tempsoft,Grobbulus-US,Warrior - Arms,66.1
divanenkovcv,alliance,Asoka,Grobbulus-US,Mage - Fire,88.6
apearnecw,horde,Namfix,Faerlina-US,Warlock - Destruction,74.6
alichtfothcx,horde,Quo Lux,Arugal-US,Warrior - Fury,77.5
bgoodbancy,alliance,Y-Solowarm,Whitemane-US,Rogue - Subtlety,75.8
eglasscz,horde,Bamity,Grobbulus-US,Priest - Shadow,97.7
cboddymeadd0,alliance,Zathin,Pagle-US,Druid - Feral,81.6
mmaghulld1,horde,Trippledex,Benediction-US,Rogue - Subtlety,78.8
smathesond2,alliance,Gembucket,Mankrik-US,Warlock - Destruction,89.3
mragged3,horde,Y-find,Grobbulus-US,Priest - Shadow,79.2
mlindenbergd4,alliance,Zathin,Whitemane-US,Mage - Fire,88.6
hparrissd5,horde,It,Grobbulus-US,Warrior - Fury,88.1
tcravend6,horde,Ronstring,Mankrik-US,Paladin - Retribution,60.3
vdominichettid7,alliance,Solarbreeze,Arugal-US,Warrior - Arms,75.0
ypossed8,alliance,Zaam-Dox,Benediction-US,Rogue - Assassination,84.1
atomlinsond9,horde,Aerified,Pagle-US,Mage - Fire,62.7
korkneyda,alliance,Asoka,Faerlina-US,Warrior - Arms,94.8
estockindb,horde,Lotstring,Faerlina-US,Warrior - Fury,98.5
ecruikshanksdc,horde,Asoka,Benediction-US,Hunter - Survival,99.8
schasmerdd,horde,Lotstring,Mankrik-US,Hunter - Survival,61.8
dstonaryde,horde,Rank,Mankrik-US,Druid - Balance,99.0
mcuppittdf,alliance,Zoolab,Benediction-US,Death Knight - Unholy,94.1
hpitrellidg,alliance,Mat Lam Tam,Faerlina-US,Hunter - Marksmanship,71.7
hmaudittdh,alliance,Bigtax,Faerlina-US,Warlock - Affliction,77.7
imullerdi,horde,Zathin,Benediction-US,Hunter - Marksmanship,81.2
clinklaterdj,horde,Cookley,Faerlina-US,Warrior - Fury,76.9
lquinanedk,horde,Greenlam,Mankrik-US,Hunter - Marksmanship,68.7
tbradleydl,horde,Tin,Faerlina-US,Druid - Balance,79.0
tboerderdm,alliance,Overhold,Faerlina-US,Death Knight - Frost,85.0
sraynhamdn,horde,Fintone,Pagle-US,Death Knight - Blood (DPS),67.5
cpetricdo,alliance,Zoolab,Whitemane-US,Warlock - Affliction,91.5
klackhamdp,alliance,Sonair,Benediction-US,Shaman - Elemental,94.9
ckeaseydq,alliance,Mat Lam Tam,Grobbulus-US,Warlock - Destruction,98.0
rmashamdr,horde,Home Ing,Arugal-US,Warlock - Destruction,72.6
opoolyds,horde,Viva,Pagle-US,Hunter - Survival,67.9
epepperelldt,horde,Biodex,Pagle-US,Hunter - Marksmanship,62.8
ccregindu,alliance,Temp,Grobbulus-US,Rogue - Combat,73.1
nguilletdv,alliance,Latlux,Grobbulus-US,Rogue - Assassination,75.6
hhackindw,horde,Subin,Grobbulus-US,Mage - Frost,77.7
bwincottdx,alliance,Cardify,Arugal-US,Mage - Fire,93.6
pcowindy,alliance,Zoolab,Arugal-US,Priest - Shadow,84.7
sfennadz,horde,Stringtough,Arugal-US,Warrior - Fury,95.5
jbritoe0,horde,Temp,Faerlina-US,Hunter - Marksmanship,75.0
fneashame1,horde,Kanlam,Arugal-US,Warlock - Destruction,60.3
djaquete2,horde,Voltsillam,Arugal-US,Druid - Balance,88.7
aszretere3,alliance,Latlux,Mankrik-US,Shaman - Elemental,98.6
sschooleye4,alliance,Tresom,Grobbulus-US,Warlock - Demonology,96.9
aderringtone5,alliance,Cardguard,Pagle-US,Warlock - Demonology,91.8
rbowrye6,alliance,Konklab,Pagle-US,Paladin - Retribution,65.2
lkearse7,horde,Cardify,Mankrik-US,Rogue - Combat,81.4
mroughleye8,horde,Keylex,Grobbulus-US,Death Knight - Blood (DPS),69.3
kcurringtone9,alliance,Mat Lam Tam,Arugal-US,Rogue - Assassination,94.5
bpiensea,alliance,Tresom,Faerlina-US,Hunter - Beast Mastery,63.0
cvassereb,alliance,Solarbreeze,Grobbulus-US,Rogue - Combat,81.2
wclaypoleec,alliance,Zontrax,Arugal-US,Hunter - Marksmanship,91.5
ohearnamaned,horde,Wrapsafe,Faerlina-US,Druid - Feral,69.7
dbenedettiee,horde,Stim,Faerlina-US,Rogue - Combat,95.9
theismanef,alliance,Zathin,Arugal-US,Mage - Frost,80.4
qbuddleeg,alliance,Mat Lam Tam,Pagle-US,Mage - Arcane,60.6
amcgraweh,alliance,Tresom,Arugal-US,Druid - Feral,71.1
smarchingtonei,alliance,Duobam,Pagle-US,Paladin - Retribution,73.6
lboggasej,alliance,Pannier,Pagle-US,Druid - Feral,69.8
msurguineek,horde,Temp,Pagle-US,Hunter - Beast Mastery,71.9
cokeeffeel,alliance,Zamit,Mankrik-US,Warrior - Fury,60.5
mmckerleyem,horde,Bitchip,Mankrik-US,Hunter - Marksmanship,90.0
dpenburtonen,horde,Zontrax,Faerlina-US,Warlock - Demonology,96.1
cheinzeleo,alliance,Tin,Benediction-US,Death Knight - Blood (DPS),88.0
scorryerep,alliance,Konklab,Whitemane-US,Druid - Feral,60.4
dklimkoveq,alliance,Gembucket,Benediction-US,Shaman - Enhancement,82.9
gkatteer,horde,Overhold,Arugal-US,Rogue - Combat,73.2
trangelles,horde,Flexidy,Mankrik-US,Priest - Shadow,92.4
mbampkinet,horde,Alphazap,Grobbulus-US,Rogue - Subtlety,82.4
gellingwortheu,horde,Tin,Grobbulus-US,Death Knight - Blood (DPS),85.8
adoegev,alliance,Kanlam,Arugal-US,Druid - Feral,85.2
sdewsnapew,horde,Gembucket,Arugal-US,Priest - Shadow,80.1
mmccluskeyex,alliance,Tin,Benediction-US,Death Knight - Unholy,84.3
slindopey,alliance,Keylex,Whitemane-US,Priest - Shadow,73.0
eflintoftez,horde,Sonair,Arugal-US,Shaman - Enhancement,74.5
kscogginsf0,horde,Trippledex,Pagle-US,Shaman - Enhancement,96.3
ttonnaf1,alliance,Cookley,Benediction-US,Hunter - Beast Mastery,73.8
fjoontjesf2,horde,Hatity,Whitemane-US,Death Knight - Frost,90.8
cringsf3,horde,Bigtax,Benediction-US,Warlock - Affliction,65.4
kblakeboroughf4,alliance,Tres-Zap,Benediction-US,Shaman - Elemental,63.7
ddovydenasf5,horde,Stringtough,Arugal-US,Warrior - Fury,84.1
tlambrickf6,horde,Alpha,Mankrik-US,Rogue - Subtlety,68.5
joggf7,alliance,Tampflex,Arugal-US,Druid - Balance,62.5
fjohnikinf8,horde,Redhold,Pagle-US,Paladin - Retribution,75.3
dcridlanf9,alliance,Andalax,Arugal-US,Death Knight - Frost,93.7
pblaydesfa,alliance,Bamity,Grobbulus-US,Death Knight - Blood (DPS),87.5
dbrookwoodfb,horde,Sonsing,Benediction-US,Death Knight - Blood (DPS),76.6
jperlefc,alliance,Viva,Pagle-US,Shaman - Elemental,89.8
dfronekfd,horde,Konklab,Arugal-US,Rogue - Combat,85.0
kspaduccife,horde,Ventosanzap,Benediction-US,Warlock - Destruction,94.4
clesperff,alliance,Tresom,Faerlina-US,Warlock - Demonology,63.2
mcreechfg,alliance,Greenlam,Benediction-US,Death Knight - Frost,97.7
abathowfh,alliance,Kanlam,Whitemane-US,Druid - Feral,79.8
strumblefi,alliance,Biodex,Whitemane-US,Hunter - Beast Mastery,68.8
amacilhenchfj,alliance,Alpha,Pagle-US,Hunter - Survival,92.0
fkermittfk,horde,Flowdesk,Mankrik-US,Rogue - Subtlety,96.9
kkettlestringefl,horde,Flowdesk,Arugal-US,Rogue - Subtlety,97.7
wscorerfm,alliance,Rank,Pagle-US,Druid - Balance,92.9
apoadfn,horde,Transcof,Mankrik-US,Death Knight - Blood (DPS),79.4
fgraveyfo,horde,Voltsillam,Grobbulus-US,Mage - Frost,99.6
gducarmefp,alliance,Mat Lam Tam,Faerlina-US,Hunter - Beast Mastery,78.6
ewantlingfq,horde,Lotlux,Benediction-US,Hunter - Beast Mastery,66.2
vhunnisettfr,alliance,Aerified,Mankrik-US,Shaman - Elemental,66.7
gbardwallfs,horde,Viva,Faerlina-US,Shaman - Enhancement,60.7
ccarusft,horde,Prodder,Benediction-US,Warlock - Demonology,65.2
tmcgoniglefu,horde,Greenlam,Pagle-US,Hunter - Beast Mastery,76.4
kvanweedenburgfv,horde,Voltsillam,Whitemane-US,Rogue - Assassination,78.5
erosenfeldfw,horde,Keylex,Arugal-US,Warrior - Fury,66.9
ctavernorfx,horde,Zoolab,Mankrik-US,Death Knight - Blood (DPS),86.3
aduckerfy,alliance,Stronghold,Whitemane-US,Hunter - Beast Mastery,88.6
bducarmefz,alliance,Daltfresh,Faerlina-US,Death Knight - Blood (DPS),86.7
ftieryg0,horde,Home Ing,Grobbulus-US,Druid - Balance,62.6
cdunbabing1,horde,Transcof,Faerlina-US,Warlock - Destruction,89.6
creesong2,alliance,Bitchip,Whitemane-US,Druid - Balance,62.3
wberardtg3,horde,Aerified,Pagle-US,Warlock - Affliction,88.5
lellesworthg4,alliance,Overhold,Faerlina-US,Hunter - Beast Mastery,90.3
lmcglaughng5,alliance,Cardify,Whitemane-US,Hunter - Marksmanship,79.2
jfrangioneg6,alliance,Holdlamis,Arugal-US,Warlock - Affliction,73.1
smunniong7,alliance,Toughjoyfax,Whitemane-US,Death Knight - Frost,84.4
cduncombeg8,alliance,Regrant,Mankrik-US,Rogue - Combat,83.0
gattong9,alliance,Flexidy,Benediction-US,Hunter - Survival,71.2
rwillcottga,horde,Temp,Whitemane-US,Priest - Shadow,76.0
pslimmegb,horde,Sonair,Arugal-US,Mage - Fire,75.3
bleversongc,alliance,Stringtough,Whitemane-US,Death Knight - Blood (DPS),65.7
nfiellergd,horde,Solarbreeze,Grobbulus-US,Hunter - Marksmanship,86.0
kmaciunasge,horde,Subin,Grobbulus-US,Shaman - Enhancement,86.2
slightbownegf,horde,Duobam,Mankrik-US,Shaman - Enhancement,70.7
ccockneygg,horde,Job,Grobbulus-US,Death Knight - Unholy,89.5
hhultberggh,alliance,Quo Lux,Faerlina-US,Rogue - Assassination,76.1
bhicksgi,horde,Latlux,Grobbulus-US,Priest - Shadow,84.6
callixgj,alliance,It,Mankrik-US,Hunter - Marksmanship,84.1
kwheatleygk,alliance,Voltsillam,Faerlina-US,Hunter - Marksmanship,91.3
ndethloffgl,alliance,Bamity,Benediction-US,Warrior - Arms,85.5
ctappgm,horde,Cookley,Benediction-US,Mage - Arcane,79.8
fbundockgn,alliance,Zathin,Grobbulus-US,Death Knight - Blood (DPS),88.9
jconlaundgo,horde,Hatity,Mankrik-US,Mage - Arcane,64.3
mbouchardgp,alliance,Zontrax,Arugal-US,Death Knight - Frost,97.5
ldarnboroughgq,horde,Matsoft,Grobbulus-US,Mage - Fire,96.1
mweadickgr,alliance,Lotlux,Benediction-US,Death Knight - Blood (DPS),98.5
lgirvangs,alliance,Zoolab,Mankrik-US,Warrior - Arms,87.8
kdumingogt,horde,It,Faerlina-US,Hunter - Survival,63.8
rbuncomgu,horde,Tampflex,Faerlina-US,Warrior - Fury,60.0
dslotgv,horde,Fixflex,Grobbulus-US,Mage - Arcane,87.7
aconrartgw,alliance,Cardguard,Arugal-US,Hunter - Survival,96.3
aallikergx,alliance,Job,Arugal-US,Death Knight - Frost,88.8
emorphewgy,horde,Biodex,Mankrik-US,Death Knight - Unholy,91.1
cmingeygz,alliance,Lotstring,Mankrik-US,Priest - Shadow,83.5
ocordh0,alliance,Zontrax,Pagle-US,Warrior - Arms,67.3
abeddingh1,horde,Duobam,Arugal-US,Mage - Frost,71.5
kbousqueth2,horde,Toughjoyfax,Pagle-US,Hunter - Survival,68.8
cadinh3,horde,Y-find,Mankrik-US,Shaman - Enhancement,93.3
jdunningh4,horde,Kanlam,Faerlina-US,Death Knight - Frost,91.3
ebernadonh5,horde,Bamity,Grobbulus-US,Warlock - Affliction,72.2
atownsh6,horde,Prodder,Mankrik-US,Priest - Shadow,77.4
nlaugheranh7,horde,Bigtax,Benediction-US,Shaman - Enhancement,71.9
aartrickh8,horde,Solarbreeze,Benediction-US,Shaman - Elemental,98.6
agonoudeh9,horde,Subin,Mankrik-US,Priest - Shadow,61.2
rpendergastha,alliance,Zontrax,Whitemane-US,Shaman - Elemental,80.7
pcodehb,horde,Lotstring,Faerlina-US,Rogue - Subtlety,65.3
mmattaushc,horde,Fintone,Grobbulus-US,Death Knight - Frost,87.2
mborgehd,horde,Asoka,Pagle-US,Rogue - Assassination,88.3
bgregolettihe,alliance,Tempsoft,Mankrik-US,Warrior - Fury,77.7
rscarffehf,horde,Solarbreeze,Whitemane-US,Hunter - Beast Mastery,97.5
mperigeauxhg,alliance,Bitchip,Grobbulus-US,Paladin - Retribution,72.0
mshoremanhh,horde,Prodder,Mankrik-US,Mage - Fire,84.6
tlammerichhi,horde,Rank,Mankrik-US,Death Knight - Unholy,69.6
gashtonhursthj,alliance,Wrapsafe,Faerlina-US,Warlock - Demonology,65.0
khosburnhk,alliance,Quo Lux,Grobbulus-US,Hunter - Beast Mastery,98.3
ibeeckhl,horde,Sonair,Grobbulus-US,Warrior - Arms,82.6
dbalcockhm,alliance,Prodder,Arugal-US,Rogue - Subtlety,83.1
jstorreshn,horde,Wrapsafe,Mankrik-US,Shaman - Elemental,79.2
lpomfretho,alliance,Greenlam,Benediction-US,Paladin - Retribution,85.6
rstareshp,horde,Alphazap,Pagle-US,Paladin - Retribution,74.3
alashamhq,alliance,Zaam-Dox,Arugal-US,Druid - Feral,95.7
dtandyhr,horde,Subin,Faerlina-US,Paladin - Retribution,77.6
mlefeuvrehs,alliance,Overhold,Grobbulus-US,Hunter - Survival,66.0
agoodanewht,alliance,Bitchip,Grobbulus-US,Mage - Frost,97.7
ldwelleyhu,alliance,Gembucket,Pagle-US,Mage - Arcane,80.5
zbenaharonhv,alliance,Biodex,Arugal-US,Rogue - Subtlety,86.2
rstovoldhw,alliance,Latlux,Arugal-US,Warlock - Affliction,82.4
jclashhx,horde,Zaam-Dox,Faerlina-US,Warrior - Fury,89.4
cwyllcockhy,horde,Solarbreeze,Mankrik-US,Warlock - Affliction,85.4
icorssenhz,alliance,Flowdesk,Faerlina-US,Paladin - Retribution,66.4
cglanvilli0,horde,Zoolab,Mankrik-US,Warrior - Fury,80.8
ecantillioni1,alliance,Overhold,Faerlina-US,Shaman - Elemental,70.2
bwingeri2,horde,Tampflex,Benediction-US,Hunter - Survival,72.4
dgurysi3,alliance,Bitchip,Arugal-US,Warrior - Fury,60.4
bcristofarii4,horde,Tres-Zap,Mankrik-US,Mage - Frost,90.8
hkernari5,horde,Voltsillam,Grobbulus-US,Rogue - Combat,99.8
cberthi6,alliance,Greenlam,Grobbulus-US,Priest - Shadow,77.2
gwynessi7,horde,Ronstring,Faerlina-US,Druid - Balance,94.6
bsummerbelli8,horde,Sub-Ex,Faerlina-US,Warrior - Arms,74.7
dshowti9,alliance,Ronstring,Benediction-US,Warlock - Destruction,76.5
hfenlonia,horde,Konklab,Mankrik-US,Hunter - Survival,96.8
dkaasmanib,alliance,Fixflex,Grobbulus-US,Rogue - Assassination,66.2
imatushenkoic,alliance,Alpha,Faerlina-US,Rogue - Assassination,88.2
dgrubeyid,alliance,Konklux,Grobbulus-US,Mage - Fire,94.8
gdemezaie,horde,Flowdesk,Pagle-US,Death Knight - Blood (DPS),77.7
amilif,horde,Konklab,Grobbulus-US,Druid - Feral,64.0
dbegganig,horde,Fintone,Arugal-US,Mage - Arcane,81.1
psimonaitisih,alliance,Prodder,Faerlina-US,Hunter - Survival,61.2
ewoehlerii,alliance,Zamit,Benediction-US,Hunter - Beast Mastery,91.1
nbradberryij,alliance,Mat Lam Tam,Whitemane-US,Mage - Fire,80.3
lcorainik,alliance,Cardify,Mankrik-US,Warrior - Fury,75.5
kknivettil,alliance,Voltsillam,Whitemane-US,Mage - Fire,98.7
laxstonim,alliance,Konklab,Grobbulus-US,Warlock - Demonology,93.9
dwattinghamin,alliance,Kanlam,Pagle-US,Rogue - Combat,61.5
atabernerio,horde,Wrapsafe,Whitemane-US,Hunter - Survival,66.5
apicknettip,horde,Wrapsafe,Benediction-US,Mage - Fire,95.5
jmccowaniq,horde,Fixflex,Grobbulus-US,Mage - Arcane,95.2
sfraginoir,horde,Temp,Mankrik-US,Shaman - Elemental,67.1
kcarnalanis,alliance,Lotlux,Pagle-US,Mage - Frost,71.3
pleechmanit,alliance,Tresom,Mankrik-US,Hunter - Beast Mastery,94.6
paikenheadiu,alliance,Aerified,Mankrik-US,Death Knight - Blood (DPS),80.6
cissacoffiv,alliance,Holdlamis,Whitemane-US,Shaman - Elemental,80.2
rnutteriw,horde,Voltsillam,Grobbulus-US,Druid - Feral,75.1
dburderix,horde,Mat Lam Tam,Benediction-US,Hunter - Beast Mastery,90.8
cparadyceiy,alliance,Domainer,Mankrik-US,Hunter - Beast Mastery,72.1
atownsoniz,horde,Transcof,Benediction-US,Priest - Shadow,70.9
nmaddicksj0,horde,Viva,Arugal-US,Warlock - Affliction,87.8
rlettucej1,horde,Ronstring,Pagle-US,Rogue - Subtlety,86.1
pgayj2,alliance,Bytecard,Benediction-US,Hunter - Survival,77.8
flengthornj3,alliance,Andalax,Faerlina-US,Warlock - Affliction,61.6
jnewj4,alliance,Fix San,Benediction-US,Warlock - Demonology,63.5
abloysj5,horde,Job,Mankrik-US,Druid - Feral,62.8
esillsj6,horde,Keylex,Grobbulus-US,Rogue - Combat,79.6
bdevauxj7,alliance,Span,Mankrik-US,Mage - Fire,63.4
cpandyaj8,horde,Lotstring,Pagle-US,Death Knight - Frost,97.1
htoffaloj9,alliance,Vagram,Whitemane-US,Druid - Feral,78.5
rgerranja,horde,Voltsillam,Pagle-US,Rogue - Subtlety,63.7
tmcglonejb,horde,Greenlam,Faerlina-US,Shaman - Enhancement,90.9
tcampojc,alliance,Bigtax,Pagle-US,Priest - Shadow,72.1
dsheridanjd,horde,Greenlam,Grobbulus-US,Shaman - Enhancement,67.2
mgaudinje,horde,Tresom,Mankrik-US,Warlock - Destruction,79.0
traunjf,horde,Temp,Mankrik-US,Mage - Arcane,60.1
glerwayjg,horde,Veribet,Benediction-US,Warlock - Destruction,62.3
ssummerskilljh,horde,Bamity,Whitemane-US,Shaman - Elemental,90.9
ekingswoodji,horde,Tampflex,Mankrik-US,Hunter - Marksmanship,77.3
vlawtonjj,horde,Transcof,Mankrik-US,Hunter - Beast Mastery,94.7
nhildrewjk,alliance,Stim,Benediction-US,Paladin - Retribution,87.0
mkeightleyjl,alliance,Flexidy,Mankrik-US,Rogue - Assassination,65.7
rklasjm,horde,Fintone,Pagle-US,Druid - Feral,65.4
iwinspirejn,horde,Konklux,Pagle-US,Rogue - Combat,82.6
gbowenjo,horde,Cardify,Whitemane-US,Shaman - Enhancement,81.1
tsalvinjp,horde,Viva,Grobbulus-US,Hunter - Beast Mastery,99.2
aschorahjq,alliance,Greenlam,Faerlina-US,Hunter - Marksmanship,68.3
dcheshirjr,horde,Konklux,Arugal-US,Warrior - Fury,83.6
vmcginnelljs,alliance,Cardify,Arugal-US,Warlock - Demonology,73.3
lbestjt,alliance,Asoka,Grobbulus-US,Hunter - Beast Mastery,92.7
hkenneyju,alliance,Pannier,Grobbulus-US,Paladin - Retribution,81.2
alemoirjv,horde,Regrant,Pagle-US,Hunter - Survival,83.8
trehnjw,alliance,Fix San,Faerlina-US,Rogue - Subtlety,99.0
kpeabodyjx,alliance,Hatity,Mankrik-US,Rogue - Subtlety,95.2
jvillajy,horde,Ronstring,Faerlina-US,Death Knight - Blood (DPS),64.9
dgatusjz,horde,Fintone,Faerlina-US,Mage - Frost,74.5
lliberok0,alliance,Zoolab,Pagle-US,Rogue - Assassination,95.7
pmackartank1,alliance,Zamit,Pagle-US,Warlock - Demonology,96.3
blashamk2,horde,Keylex,Pagle-US,Hunter - Survival,86.2
enoorwoodk3,alliance,Asoka,Pagle-US,Warlock - Destruction,81.9
pschultesk4,alliance,Greenlam,Grobbulus-US,Death Knight - Blood (DPS),82.7
nromerok5,horde,Vagram,Whitemane-US,Warlock - Demonology,85.5
mgullefantk6,alliance,Solarbreeze,Benediction-US,Hunter - Beast Mastery,89.4
hbawdonk7,alliance,Matsoft,Faerlina-US,Hunter - Survival,67.2
tsiredk8,alliance,Flowdesk,Grobbulus-US,Mage - Fire,68.2
srobertshawk9,horde,Lotstring,Whitemane-US,Rogue - Assassination,85.6
kcongdonka,horde,Fixflex,Whitemane-US,Hunter - Survival,72.4
rstalfkb,alliance,Zaam-Dox,Pagle-US,Warrior - Fury,96.8
vsellandkc,alliance,Otcom,Whitemane-US,Warlock - Affliction,66.1
cpresdiekd,alliance,Prodder,Faerlina-US,Hunter - Marksmanship,77.6
mspenslyke,horde,Lotstring,Whitemane-US,Paladin - Retribution,95.6
rcamolettokf,alliance,Cookley,Mankrik-US,Druid - Feral,68.8
vcamierkg,horde,Bamity,Faerlina-US,Warlock - Affliction,69.0
jzecchinikh,alliance,Tin,Whitemane-US,Warlock - Affliction,67.8
byakobovitzki,alliance,Aerified,Faerlina-US,Priest - Shadow,73.4
ililiankj,horde,Namfix,Mankrik-US,Mage - Frost,88.4
kbiasiokk,alliance,Job,Mankrik-US,Priest - Shadow,66.3
lofiellykl,alliance,Greenlam,Pagle-US,Hunter - Survival,66.9
rlittleykm,horde,Toughjoyfax,Benediction-US,Warlock - Demonology,67.3
sbridgeskn,alliance,Y-Solowarm,Faerlina-US,Warlock - Affliction,91.0
sriggulsfordko,alliance,Zaam-Dox,Faerlina-US,Druid - Balance,63.3
rdysartkp,horde,Treeflex,Pagle-US,Shaman - Elemental,90.0
warendtkq,alliance,Holdlamis,Benediction-US,Warlock - Affliction,62.6
hbridgnellkr,alliance,Regrant,Pagle-US,Druid - Feral,83.1
desserks,horde,Zontrax,Arugal-US,Warlock - Destruction,87.4
lkettkt,alliance,Trippledex,Faerlina-US,Druid - Feral,89.5
fsearchku,alliance,Treeflex,Mankrik-US,Mage - Fire,65.7
tmustokv,horde,Kanlam,Arugal-US,Hunter - Survival,63.6
kdavyskw,horde,Flexidy,Arugal-US,Druid - Feral,98.4
kbarnewellekx,alliance,Lotlux,Mankrik-US,Paladin - Retribution,73.0
kitskovitzky,horde,Keylex,Grobbulus-US,Warrior - Arms,76.4
mchasmoorkz,horde,Cookley,Arugal-US,Warlock - Demonology,62.7
slindel0,alliance,Subin,Mankrik-US,Mage - Arcane,86.6
gglauberl1,horde,Veribet,Arugal-US,Warlock - Demonology,66.5
gwhalleyl2,horde,Stronghold,Grobbulus-US,Death Knight - Frost,85.4
skuhlmeyl3,horde,Sonair,Mankrik-US,Druid - Feral,66.9
alayel4,horde,Sonair,Benediction-US,Druid - Feral,83.3
ttschirschkyl5,horde,Biodex,Pagle-US,Mage - Fire,74.7
mstelljesl6,horde,Overhold,Arugal-US,Hunter - Beast Mastery,71.1
gmacguffiel7,horde,Stronghold,Faerlina-US,Druid - Feral,75.3
klonderl8,horde,Opela,Benediction-US,Hunter - Survival,77.4
ebeninil9,horde,Zoolab,Faerlina-US,Death Knight - Frost,98.6
btreadgerla,horde,Lotstring,Whitemane-US,Shaman - Elemental,97.2
afoyneslb,alliance,Tempsoft,Mankrik-US,Death Knight - Blood (DPS),74.6
msanbrooklc,alliance,Pannier,Pagle-US,Priest - Shadow,74.7
chegdonneld,alliance,Y-find,Faerlina-US,Hunter - Marksmanship,89.9
kkitchinhamle,alliance,Temp,Whitemane-US,Druid - Feral,81.5
lklimeckilf,alliance,Tin,Benediction-US,Hunter - Survival,83.9
bknightslg,alliance,Flexidy,Benediction-US,Rogue - Subtlety,93.1
hhollingbylh,horde,Tres-Zap,Benediction-US,Druid - Feral,90.3
droswarneli,horde,Tin,Grobbulus-US,Rogue - Assassination,92.7
fgrewelj,horde,Flowdesk,Grobbulus-US,Warlock - Demonology,89.8
lcarderolk,horde,Asoka,Faerlina-US,Warlock - Destruction,95.9
wtomblesonll,alliance,Latlux,Pagle-US,Death Knight - Frost,97.9
kborrelllm,alliance,It,Arugal-US,Shaman - Enhancement,90.6
mskoofln,alliance,Zamit,Arugal-US,Rogue - Combat,70.9
gsweatinglo,alliance,Sonsing,Whitemane-US,Druid - Balance,75.1
alodwicklp,alliance,Matsoft,Grobbulus-US,Warrior - Fury,75.8
lbalylq,horde,Alphazap,Grobbulus-US,Mage - Fire,80.5
tzouchlr,alliance,Bytecard,Whitemane-US,Mage - Arcane,90.6
sriccettils,horde,Voyatouch,Mankrik-US,Rogue - Combat,60.6
jcarolilt,alliance,Opela,Benediction-US,Death Knight - Frost,89.1
jnardonilu,alliance,Sub-Ex,Grobbulus-US,Rogue - Assassination,66.9
vtolumellolv,alliance,Alphazap,Mankrik-US,Warlock - Destruction,68.2
nairslw,horde,Tin,Faerlina-US,Warrior - Arms,61.2
rsaterthwaitlx,horde,Y-Solowarm,Arugal-US,Hunter - Beast Mastery,99.8
cmoultly,horde,Cardguard,Faerlina-US,Mage - Frost,87.0
mheadeylz,horde,Tin,Arugal-US,Rogue - Combat,84.0
smaceurm0,alliance,Greenlam,Pagle-US,Druid - Balance,60.2
wduffusm1,horde,Bytecard,Grobbulus-US,Death Knight - Frost,94.1
dfreebernem2,horde,Stim,Grobbulus-US,Paladin - Retribution,95.9
dstangom3,alliance,Rank,Pagle-US,Rogue - Subtlety,89.6
odermottm4,horde,Zamit,Arugal-US,Mage - Frost,90.0
ahattamm5,alliance,Hatity,Benediction-US,Death Knight - Unholy,66.2
minkpenm6,alliance,Subin,Grobbulus-US,Warlock - Destruction,97.4
mjordinm7,alliance,Konklab,Pagle-US,Hunter - Beast Mastery,63.9
mlountm8,horde,Cookley,Benediction-US,Warlock - Destruction,71.0
kreilingm9,horde,Daltfresh,Benediction-US,Shaman - Elemental,73.1
jbergenma,horde,Y-find,Mankrik-US,Druid - Feral,90.5
sskeetemb,horde,Bitchip,Pagle-US,Mage - Frost,98.0
renglandmc,alliance,Quo Lux,Mankrik-US,Warlock - Destruction,65.5
clebandmd,horde,Voyatouch,Faerlina-US,Rogue - Assassination,62.2
rloutheaneme,alliance,Redhold,Pagle-US,Hunter - Beast Mastery,88.7
wwalasmf,alliance,Stronghold,Faerlina-US,Death Knight - Frost,74.1
aavramowmg,alliance,Sonsing,Whitemane-US,Priest - Shadow,91.3
wtrewmanmh,horde,Holdlamis,Benediction-US,Paladin - Retribution,72.9
aleatherlandmi,horde,Tempsoft,Whitemane-US,Hunter - Marksmanship,94.1
gairdmj,alliance,Y-Solowarm,Benediction-US,Warlock - Destruction,79.4
dedglermk,horde,Span,Arugal-US,Shaman - Enhancement,60.3
eklugmanml,horde,Redhold,Arugal-US,Death Knight - Unholy,76.5
cselbachmm,alliance,Tempsoft,Benediction-US,Rogue - Combat,81.7
lkarlsenmn,horde,Cardguard,Whitemane-US,Druid - Feral,74.0
lpinchinmo,horde,Fixflex,Pagle-US,Shaman - Elemental,80.9
asoapermp,horde,Cardify,Benediction-US,Warlock - Affliction,84.5
cgiraudoumq,alliance,Bytecard,Pagle-US,Hunter - Survival,62.6
rmartindalemr,horde,Tampflex,Pagle-US,Druid - Balance,88.5
hplevinms,alliance,Flowdesk,Faerlina-US,Hunter - Marksmanship,86.1
mmilhammt,horde,Y-find,Grobbulus-US,Shaman - Enhancement,99.6
eradclyffemu,alliance,Greenlam,Mankrik-US,Rogue - Assassination,62.2
cpakemanmv,horde,Sonsing,Grobbulus-US,Hunter - Marksmanship,92.2
nbeardsellmw,alliance,Aerified,Benediction-US,Hunter - Marksmanship,93.7
smchughmx,alliance,Vagram,Pagle-US,Druid - Balance,77.1
nmoyemy,alliance,Ventosanzap,Grobbulus-US,Warrior - Fury,66.1
btasselermz,alliance,Toughjoyfax,Whitemane-US,Mage - Frost,74.4
gaddeyn0,horde,Bamity,Grobbulus-US,Hunter - Beast Mastery,92.5
cveltenn1,alliance,Aerified,Faerlina-US,Druid - Feral,83.5
ejohanchonn2,horde,Keylex,Benediction-US,Death Knight - Frost,83.2
eoutrightn3,horde,Bytecard,Faerlina-US,Warlock - Demonology,93.5
fsignoren4,alliance,Zontrax,Grobbulus-US,Mage - Frost,88.7
kmanleyn5,horde,Stronghold,Faerlina-US,Priest - Shadow,84.8
ldearen6,horde,Tres-Zap,Faerlina-US,Mage - Fire,82.9
hdebanken7,horde,It,Arugal-US,Rogue - Combat,71.1
ekollaschekn8,alliance,Gembucket,Benediction-US,Rogue - Assassination,67.0
mmitchalln9,horde,Veribet,Faerlina-US,Death Knight - Frost,86.7
opinkna,horde,Job,Mankrik-US,Mage - Arcane,63.8
mahrennb,alliance,Gembucket,Mankrik-US,Mage - Frost,96.8
cdismorenc,alliance,Zaam-Dox,Benediction-US,Warlock - Demonology,76.9
arasend,horde,Fixflex,Mankrik-US,Shaman - Elemental,97.0
gtwycrossne,alliance,Cookley,Faerlina-US,Paladin - Retribution,85.8
acordynf,horde,Bigtax,Arugal-US,Warlock - Affliction,85.8
ygellandng,alliance,Asoka,Arugal-US,Hunter - Beast Mastery,71.7
bhemeretnh,alliance,Stringtough,Mankrik-US,Hunter - Survival,93.6
abetjeni,alliance,Otcom,Whitemane-US,Mage - Arcane,94.4
dovidnj,horde,Cookley,Faerlina-US,Warlock - Demonology,77.0
sbummfreynk,horde,Matsoft,Mankrik-US,Shaman - Enhancement,90.0
crussennl,alliance,Fintone,Benediction-US,Hunter - Survival,91.5
kkinchleanm,horde,Stronghold,Benediction-US,Hunter - Survival,83.4
icronenn,horde,Flexidy,Faerlina-US,Warlock - Destruction,88.2
rtrammelno,horde,Rank,Whitemane-US,Warrior - Arms,94.5
adeppenp,horde,Voyatouch,Mankrik-US,Death Knight - Frost,93.4
mcudihynq,horde,Redhold,Mankrik-US,Hunter - Marksmanship,95.2
ymuscottnr,alliance,Trippledex,Pagle-US,Paladin - Retribution,63.3
fduxfieldns,alliance,Stronghold,Pagle-US,Warlock - Demonology,67.7
abartolint,horde,Overhold,Grobbulus-US,Druid - Feral,75.4
fmagowannu,horde,Asoka,Pagle-US,Shaman - Elemental,69.7
mnoorwoodnv,alliance,Zaam-Dox,Whitemane-US,Mage - Fire,61.3
cdeandisienw,alliance,Zathin,Grobbulus-US,Rogue - Assassination,86.3
wthunnerclefnx,alliance,Veribet,Mankrik-US,Warrior - Arms,84.8
oingremny,alliance,Namfix,Arugal-US,Warlock - Affliction,78.3
lredmellnz,alliance,Quo Lux,Faerlina-US,Death Knight - Frost,84.9
kpalffreyo0,alliance,It,Arugal-US,Rogue - Combat,83.0
ekellando1,horde,Redhold,Grobbulus-US,Rogue - Assassination,80.8
smuggletono2,horde,Zoolab,Whitemane-US,Shaman - Enhancement,63.1
mplyo3,horde,Treeflex,Mankrik-US,Mage - Arcane,94.5
etoppero4,horde,Job,Benediction-US,Druid - Feral,85.9
kbrandinoo5,alliance,Viva,Grobbulus-US,Hunter - Marksmanship,87.9
ccrakeo6,horde,Alpha,Mankrik-US,Mage - Fire,68.2
nstaddomo7,horde,Flexidy,Benediction-US,Druid - Feral,72.0
msuttlingo8,alliance,It,Pagle-US,Warlock - Demonology,61.9
tsherborneo9,alliance,Asoka,Faerlina-US,Rogue - Combat,89.2
tgorrieoa,horde,Sonsing,Faerlina-US,Druid - Feral,70.5
mollerearnshawob,alliance,Matsoft,Grobbulus-US,Warrior - Fury,90.2
ayersinoc,horde,Otcom,Pagle-US,Mage - Frost,87.3
jibertod,alliance,Solarbreeze,Grobbulus-US,Death Knight - Frost,66.5
fczajkowskaoe,horde,Bitchip,Benediction-US,Mage - Frost,88.0
nemmettof,alliance,Subin,Benediction-US,Death Knight - Frost,95.2
bpunterog,horde,Mat Lam Tam,Faerlina-US,Shaman - Enhancement,81.8
jbrauneoh,horde,Span,Faerlina-US,Druid - Feral,86.2
jdanbyeoi,alliance,Y-find,Whitemane-US,Hunter - Survival,75.2
kchownoj,horde,Alphazap,Pagle-US,Shaman - Elemental,73.4
ljumeauok,alliance,Transcof,Pagle-US,Warlock - Destruction,89.4
iwyantol,horde,Opela,Pagle-US,Warrior - Fury,73.9
cmergueom,alliance,Zaam-Dox,Whitemane-US,Shaman - Enhancement,70.1
drateon,alliance,Solarbreeze,Faerlina-US,Warlock - Demonology,67.6
lgallandoo,alliance,Bitwolf,Arugal-US,Rogue - Assassination,72.1
sthayreop,horde,Lotlux,Pagle-US,Hunter - Beast Mastery,90.5
hjohnstonoq,horde,Ronstring,Benediction-US,Death Knight - Blood (DPS),62.9
hmacvaghor,alliance,Domainer,Mankrik-US,Mage - Frost,98.7
cgraftonherbertos,horde,Trippledex,Arugal-US,Druid - Balance,79.5
sderuelot,horde,Alpha,Arugal-US,Rogue - Subtlety,92.7
vjirousekou,horde,Zontrax,Grobbulus-US,Warrior - Fury,85.7
xrolphov,alliance,Span,Arugal-US,Mage - Fire,86.8
rfaierow,alliance,Domainer,Pagle-US,Druid - Feral,95.1
hshearmeox,alliance,Sonsing,Grobbulus-US,Druid - Feral,79.3
lmanvelloy,horde,Asoka,Benediction-US,Hunter - Marksmanship,75.0
chindrichoz,alliance,Span,Faerlina-US,Warlock - Affliction,97.8
bshollp0,horde,Sonsing,Arugal-US,Warlock - Demonology,97.7
pnernep1,horde,Viva,Grobbulus-US,Druid - Feral,79.9
csproulp2,alliance,Opela,Pagle-US,Warrior - Fury,78.2
rreynerp3,alliance,Tres-Zap,Arugal-US,Warlock - Destruction,85.9
atrevenup4,alliance,Trippledex,Mankrik-US,Warlock - Affliction,98.5
fbalchinp5,alliance,Latlux,Faerlina-US,Death Knight - Unholy,77.7
pjacombsp6,alliance,Wrapsafe,Pagle-US,Hunter - Marksmanship,78.9
sflecknop7,alliance,Viva,Pagle-US,Shaman - Elemental,76.5
dapplebeep8,horde,Alpha,Grobbulus-US,Warlock - Demonology,85.5
bjanzp9,alliance,Vagram,Grobbulus-US,Warlock - Affliction,90.7
cdignampa,horde,Wrapsafe,Pagle-US,Warlock - Demonology,91.3
fthingpb,alliance,Rank,Benediction-US,Shaman - Enhancement,89.9
mromepc,alliance,Y-Solowarm,Faerlina-US,Warrior - Fury,66.3
sonslowpd,alliance,Duobam,Benediction-US,Paladin - Retribution,96.8
fcornejope,alliance,Daltfresh,Mankrik-US,Rogue - Subtlety,68.8
dfrancispf,alliance,Transcof,Faerlina-US,Death Knight - Blood (DPS),65.3
kwoodbridgepg,horde,Regrant,Benediction-US,Mage - Frost,61.0
ejohnsph,horde,Zaam-Dox,Arugal-US,Shaman - Elemental,69.6
cdavinetpi,horde,Holdlamis,Pagle-US,Hunter - Survival,72.0
vramiropj,alliance,Keylex,Mankrik-US,Mage - Arcane,68.1
sgenneypk,horde,Flowdesk,Whitemane-US,Hunter - Beast Mastery,70.4
acriginpl,horde,Matsoft,Benediction-US,Warrior - Fury,65.8
qquilkinpm,horde,Sonsing,Arugal-US,Warlock - Demonology,66.7
eellicockpn,horde,Ventosanzap,Grobbulus-US,Warrior - Fury,95.5
amccreadiepo,alliance,Biodex,Faerlina-US,Mage - Fire,69.5
rsafontpp,horde,Zontrax,Whitemane-US,Rogue - Assassination,90.1
hgatherellpq,horde,Rank,Grobbulus-US,Mage - Fire,65.5
cswinburnpr,horde,Tresom,Faerlina-US,Warlock - Destruction,65.8
hpawelsps,horde,Bytecard,Grobbulus-US,Warrior - Arms,82.7
hmcglonept,horde,Tin,Faerlina-US,Mage - Fire,99.0
mgennrichpu,horde,Span,Arugal-US,Shaman - Enhancement,84.6
mpuddinpv,horde,Cardguard,Faerlina-US,Hunter - Marksmanship,86.7
acrossleypw,alliance,Greenlam,Mankrik-US,Warrior - Fury,93.6
bdolbeypx,horde,Voltsillam,Grobbulus-US,Shaman - Enhancement,79.9
jkeuntjepy,alliance,Ventosanzap,Grobbulus-US,Shaman - Enhancement,61.4
ccockingspz,alliance,Trippledex,Whitemane-US,Warlock - Demonology,67.0
hrenboldq0,alliance,Veribet,Whitemane-US,Rogue - Subtlety,83.4
jvereganq1,horde,Voltsillam,Pagle-US,Priest - Shadow,94.1
rhutchenceq2,alliance,Rank,Faerlina-US,Mage - Frost,64.4
ekillichq3,alliance,Keylex,Mankrik-US,Shaman - Enhancement,82.7
pberingerq4,alliance,Ventosanzap,Benediction-US,Death Knight - Unholy,60.8
sswinbourneq5,horde,Otcom,Benediction-US,Warrior - Fury,81.8
mivanenkovq6,horde,Biodex,Whitemane-US,Mage - Arcane,73.4
mmostynq7,alliance,Konklab,Benediction-US,Druid - Balance,76.2
ashipmanq8,horde,Toughjoyfax,Whitemane-US,Priest - Shadow,62.8
wblissittq9,alliance,Greenlam,Mankrik-US,Shaman - Elemental,77.9
hfreschiniqa,horde,Bytecard,Pagle-US,Death Knight - Blood (DPS),66.1
kgonningqb,horde,Kanlam,Mankrik-US,Warlock - Demonology,65.8
adaenenqc,alliance,Duobam,Mankrik-US,Death Knight - Blood (DPS),69.2
cearwakerqd,horde,Span,Arugal-US,Rogue - Assassination,73.3
vgarnsworthyqe,horde,Trippledex,Pagle-US,Warlock - Affliction,88.3
cruppertzqf,horde,Daltfresh,Mankrik-US,Druid - Balance,72.4
fwillishireqg,horde,Sonsing,Whitemane-US,Druid - Balance,64.2
pbeeckerqh,alliance,Trippledex,Arugal-US,Warlock - Affliction,69.6
pcamockqi,horde,Alpha,Arugal-US,Rogue - Combat,92.2
sbootherqj,alliance,Otcom,Benediction-US,Hunter - Survival,92.7
tmckendoqk,alliance,Mat Lam Tam,Benediction-US,Warlock - Demonology,61.0
jmarklundql,horde,Bitwolf,Faerlina-US,Death Knight - Frost,73.4
jkeileyqm,horde,Regrant,Grobbulus-US,Druid - Balance,64.3
tdomnineyqn,horde,Asoka,Pagle-US,Shaman - Elemental,63.2
hmacewanqo,horde,Sonair,Mankrik-US,Mage - Fire,81.3
fcatfordqp,alliance,Subin,Whitemane-US,Rogue - Subtlety,63.3
givanichevqq,horde,Sonsing,Arugal-US,Rogue - Combat,67.4
sdrinkhallqr,horde,Zaam-Dox,Arugal-US,Warlock - Demonology,85.7
ffisheqs,horde,Viva,Benediction-US,Hunter - Marksmanship,72.6
bmaccollqt,alliance,Otcom,Mankrik-US,Paladin - Retribution,86.4
isetchfieldqu,alliance,Latlux,Whitemane-US,Paladin - Retribution,98.2
fwhatsonqv,alliance,Lotstring,Benediction-US,Warlock - Affliction,60.4
pkittredgeqw,horde,Bitwolf,Grobbulus-US,Shaman - Elemental,80.4
sminghiqx,horde,Stim,Mankrik-US,Death Knight - Unholy,77.3
enylandqy,horde,Andalax,Arugal-US,Druid - Feral,71.0
kgopsillqz,alliance,Alpha,Pagle-US,Death Knight - Unholy,64.5
mbeaumontr0,alliance,Holdlamis,Whitemane-US,Rogue - Subtlety,62.1
stomblinr1,horde,Zaam-Dox,Faerlina-US,Hunter - Beast Mastery,71.5
rjarmanr2,horde,Opela,Benediction-US,Death Knight - Frost,85.2
kbuttler3,horde,Veribet,Grobbulus-US,Death Knight - Frost,83.1
sogilvier4,alliance,Hatity,Mankrik-US,Rogue - Combat,63.2
mdahlbergr5,alliance,Regrant,Arugal-US,Warlock - Affliction,89.6
jsterzakerr6,horde,Trippledex,Faerlina-US,Hunter - Survival,76.5
srosenfelderr7,horde,Domainer,Pagle-US,Warlock - Affliction,74.7
sstofflerr8,alliance,Overhold,Arugal-US,Shaman - Elemental,81.7
tgreydonr9,horde,Ronstring,Faerlina-US,Death Knight - Unholy,86.9
fannettra,horde,Toughjoyfax,Whitemane-US,Mage - Fire,65.2
togdahlrb,horde,Toughjoyfax,Faerlina-US,Rogue - Subtlety,94.0
jbonnerrc,alliance,Viva,Arugal-US,Death Knight - Blood (DPS),84.2
cpursehouserd,horde,Biodex,Benediction-US,Warlock - Demonology,64.8
epetrozzire,alliance,Temp,Benediction-US,Rogue - Assassination,83.2
emerritonrf,alliance,Treeflex,Pagle-US,Druid - Feral,77.5
hbissrg,alliance,Aerified,Arugal-US,Rogue - Combat,74.3
slewsonrh,horde,Ronstring,Grobbulus-US,Warrior - Fury,90.9
ssimmansri,horde,Flexidy,Arugal-US,Hunter - Beast Mastery,97.0
ssoanrj,horde,Lotstring,Faerlina-US,Mage - Fire,94.9
lmarchellork,alliance,Alpha,Grobbulus-US,Hunter - Marksmanship,80.1
edavidovrl,alliance,Keylex,Benediction-US,Shaman - Enhancement,62.7
rotteridgerm,horde,Bitwolf,Benediction-US,Mage - Fire,85.6
ecristofalorn,alliance,Temp,Whitemane-US,Priest - Shadow,62.4
mdreesro,horde,Subin,Whitemane-US,Shaman - Enhancement,99.4
shacksbyrp,alliance,Stim,Pagle-US,Druid - Feral,69.8
clipproserq,horde,Temp,Benediction-US,Rogue - Assassination,64.1
ocursonsrr,horde,Viva,Whitemane-US,Death Knight - Frost,72.9
