name,faction,guild,server_region,class_spec,fight,dps
waharoni0,horde,Y-find,Benediction-US,Priest - Shadow,633,13046.13
teymer1,alliance,Tres-Zap,Mankrik-US,Paladin - Retribution,641,13136.83
smalshinger2,alliance,Stronghold,Faerlina-US,Warlock - Affliction,633,13769.02
gpeetermann3,alliance,Cookley,Faerlina-US,Warlock - Affliction,641,14516.77
fwroath4,horde,Stringtough,Benediction-US,Hunter - Beast Mastery,641,12774.09
bpfeifer5,horde,Sonair,Benediction-US,Hunter - Beast Mastery,629,13481.12
avonderdell6,horde,Zontrax,Benediction-US,Rogue - Combat,641,14455.34
htottem7,alliance,Tin,Benediction-US,Druid - Feral,645,13309.5
tstarie8,alliance,Zaam-Dox,Benediction-US,Druid - Balance,645,13211.71
mpinkerton9,horde,Subin,Whitemane-US,Mage - Frost,629,12407.12
rgephearta,horde,Veribet,Arugal-US,Mage - Frost,645,12016.29
scostab,horde,Tres-Zap,Mankrik-US,Rogue - Assassination,633,14429.7
arosserc,horde,Konklux,Faerlina-US,Mage - Fire,641,14261.41
riornsd,alliance,Daltfresh,Arugal-US,Shaman - Enhancement,641,12128.3
classettere,horde,Matsoft,Pagle-US,Shaman - Elemental,633,13573.16
telphinstonef,horde,Otcom,Arugal-US,Druid - Balance,629,13280.26
tseag,horde,Regrant,Whitemane-US,Rogue - Subtlety,645,14581.1
raskhamh,alliance,Wrapsafe,Arugal-US,Hunter - Beast Mastery,629,13569.87
jkaufmani,horde,Veribet,Arugal-US,DeathKnight - Blood (DPS),633,12268.19
lrainsdenj,alliance,Tampflex,Grobbulus-US,Hunter - Survival,629,14332.42
sabercrombyk,alliance,Duobam,Benediction-US,Warlock - Demonology,629,13850.39
djansel,horde,Ventosanzap,Pagle-US,Rogue - Subtlety,633,12716.14
ezettoim,alliance,Zaam-Dox,Grobbulus-US,Hunter - Survival,641,14710.11
scrummeyn,alliance,Home Ing,Grobbulus-US,Warlock - Affliction,645,12848.22
bkaindlo,horde,Asoka,Arugal-US,Priest - Shadow,645,13325.15
ctruswellp,alliance,Pannier,Faerlina-US,Warlock - Demonology,641,14727.73
asawoodq,alliance,Domainer,Benediction-US,Hunter - Marksmanship,629,12181.3
ableir,alliance,Trippledex,Faerlina-US,Rogue - Subtlety,629,14014.19
mwalbruns,horde,Redhold,Mankrik-US,Rogue - Combat,641,12033.54
eonthankt,horde,Stim,Faerlina-US,Mage - Frost,633,13558.75
amoranu,horde,Quo Lux,Faerlina-US,Rogue - Combat,633,13926.83
dcrierv,horde,Alpha,Faerlina-US,Paladin - Retribution,633,12099.37
tbenjefieldw,alliance,Zaam-Dox,Grobbulus-US,Warlock - Destruction,629,12836.0
gfarlhamx,horde,Zamit,Whitemane-US,Paladin - Retribution,641,14280.1
tgenneyy,horde,Tin,Faerlina-US,Mage - Frost,633,13849.57
hkeerz,alliance,Wrapsafe,Pagle-US,Druid - Feral,633,13824.48
ldeavin10,horde,Asoka,Mankrik-US,Druid - Balance,629,13970.17
okewzick11,alliance,Greenlam,Pagle-US,DeathKnight - Frost,629,14154.28
mgriffey12,alliance,Cardify,Grobbulus-US,Druid - Balance,633,12033.29
cruppelin13,horde,Sonsing,Faerlina-US,Hunter - Survival,641,12938.07
dcrowcroft14,alliance,Stringtough,Arugal-US,Druid - Feral,645,13149.66
vnyles15,alliance,Prodder,Mankrik-US,Paladin - Retribution,629,13252.39
apycock16,alliance,Tampflex,Faerlina-US,Warlock - Affliction,629,12615.36
iyeoland17,horde,Mat Lam Tam,Arugal-US,Mage - Frost,633,14423.22
sgabbatt18,horde,Rank,Whitemane-US,DeathKnight - Blood (DPS),645,13949.22
ltungay19,horde,Fix San,Benediction-US,Rogue - Assassination,633,14665.6
cmcelory1a,horde,Holdlamis,Whitemane-US,Shaman - Elemental,645,12468.56
coliphant1b,horde,Duobam,Benediction-US,Warrior - Fury,633,14511.48
dbale1c,horde,Aerified,Pagle-US,Warlock - Destruction,645,13151.03
eceely1d,alliance,Lotlux,Whitemane-US,Rogue - Combat,633,14974.88
lphilippeaux1e,alliance,Fix San,Benediction-US,Priest - Shadow,641,13043.94
hsheerin1f,alliance,Matsoft,Whitemane-US,Rogue - Assassination,629,13784.11
sdawson1g,horde,Flexidy,Pagle-US,Mage - Arcane,629,13944.18
anation1h,horde,Gembucket,Grobbulus-US,DeathKnight - Frost,641,13025.35
bhaskell1i,alliance,Stringtough,Faerlina-US,DeathKnight - Blood (DPS),633,12367.13
dglamart1j,horde,Holdlamis,Grobbulus-US,Warrior - Arms,629,13481.88
vhebden1k,alliance,Solarbreeze,Faerlina-US,DeathKnight - Unholy,645,14765.62
msynder1l,alliance,Rank,Faerlina-US,Mage - Frost,629,14861.38
vmehaffey1m,alliance,Home Ing,Whitemane-US,Rogue - Combat,633,14154.77
usissens1n,horde,Tres-Zap,Pagle-US,Warlock - Demonology,629,13304.89
pethridge1o,alliance,Zaam-Dox,Benediction-US,Hunter - Marksmanship,641,12886.45
emackro1p,alliance,Flexidy,Grobbulus-US,Shaman - Enhancement,633,13967.29
rdavydychev1q,horde,Greenlam,Arugal-US,Shaman - Enhancement,629,14613.69
shacking1r,alliance,Opela,Mankrik-US,Hunter - Survival,641,12729.21
rgobourn1s,horde,Fixflex,Benediction-US,Hunter - Marksmanship,629,13327.19
rdinsey1t,horde,Alphazap,Arugal-US,Rogue - Combat,629,13051.87
bperri1u,alliance,Sonsing,Whitemane-US,Rogue - Subtlety,633,12489.88
hscholfield1v,alliance,Overhold,Mankrik-US,Rogue - Subtlety,629,14667.13
abromilow1w,alliance,Otcom,Grobbulus-US,Paladin - Retribution,629,13089.35
mesom1x,horde,Rank,Pagle-US,Rogue - Combat,633,13374.66
sguillem1y,alliance,Tres-Zap,Mankrik-US,Mage - Arcane,641,13647.38
aciciura1z,horde,Solarbreeze,Grobbulus-US,Mage - Frost,645,12638.2
cbiggadike20,alliance,Fintone,Faerlina-US,Rogue - Combat,641,13079.22
dfragino21,horde,Biodex,Faerlina-US,Hunter - Beast Mastery,645,13685.48
pmckeaveney22,alliance,Wrapsafe,Arugal-US,Rogue - Subtlety,633,14808.96
ucuschieri23,horde,Job,Benediction-US,Mage - Arcane,645,12011.66
vohagirtie24,alliance,Alpha,Whitemane-US,Shaman - Enhancement,645,13782.81
scurnow25,horde,Rank,Mankrik-US,Mage - Frost,629,14724.82
ltuplin26,alliance,Redhold,Faerlina-US,Rogue - Combat,629,14253.02
colynn27,alliance,Lotlux,Pagle-US,DeathKnight - Unholy,629,12066.07
wivanyushin28,horde,Temp,Benediction-US,Hunter - Beast Mastery,633,14366.16
kpittle29,alliance,Y-Solowarm,Arugal-US,Rogue - Assassination,641,13293.9
hgascoyen2a,horde,Konklab,Faerlina-US,DeathKnight - Blood (DPS),645,12439.75
nruffli2b,horde,Alphazap,Faerlina-US,Hunter - Survival,629,12841.22
kwater2c,horde,Otcom,Whitemane-US,DeathKnight - Blood (DPS),645,14261.02
rbeeze2d,horde,Y-Solowarm,Benediction-US,Priest - Shadow,633,14141.93
mnoller2e,horde,Treeflex,Pagle-US,Druid - Balance,641,14092.08
wmothersdale2f,alliance,Voyatouch,Faerlina-US,Shaman - Elemental,633,12920.05
cdruce2g,alliance,Andalax,Whitemane-US,DeathKnight - Unholy,629,13198.07
pletts2h,alliance,Alphazap,Arugal-US,Druid - Balance,641,14844.3
wmcandrew2i,horde,Cardguard,Whitemane-US,DeathKnight - Unholy,633,14144.24
gstannus2j,alliance,Gembucket,Whitemane-US,Warlock - Destruction,645,14168.51
bwurz2k,horde,Duobam,Grobbulus-US,DeathKnight - Blood (DPS),641,14442.25
dborrowman2l,alliance,Wrapsafe,Pagle-US,Hunter - Survival,645,14977.78
rbeagrie2m,horde,Domainer,Pagle-US,Priest - Shadow,633,12566.64
ddibb2n,horde,Fix San,Whitemane-US,Hunter - Marksmanship,645,13454.14
krumsby2o,horde,Trippledex,Grobbulus-US,Mage - Fire,633,14790.59
ldroghan2p,horde,Bitwolf,Benediction-US,Druid - Balance,641,14530.22
ajakubiak2q,alliance,Job,Whitemane-US,Hunter - Marksmanship,645,13915.46
ddarque2r,alliance,Cookley,Pagle-US,Mage - Frost,633,14126.01
fsimnel2s,horde,Opela,Faerlina-US,Hunter - Marksmanship,629,13586.31
bbosse2t,alliance,Transcof,Faerlina-US,Druid - Balance,633,14389.56
ehenstone2u,horde,Ventosanzap,Pagle-US,Warlock - Affliction,645,14101.43
dsailes2v,alliance,Fintone,Benediction-US,Warlock - Affliction,641,13675.32
mfriett2w,alliance,Alphazap,Pagle-US,Rogue - Combat,641,12040.4
hgirod2x,alliance,Tempsoft,Whitemane-US,Druid - Balance,645,13536.02
mtomlin2y,alliance,Asoka,Whitemane-US,Druid - Balance,629,13421.41
gjenner2z,alliance,Bamity,Grobbulus-US,Shaman - Enhancement,645,14974.44
jrowbury30,alliance,Hatity,Mankrik-US,Hunter - Survival,633,13419.99
esweatman31,horde,Domainer,Faerlina-US,Mage - Fire,629,14240.08
ddullard32,horde,Biodex,Benediction-US,Shaman - Enhancement,645,14248.67
bstclair33,alliance,Domainer,Benediction-US,Druid - Balance,629,12109.24
sfolomin34,horde,Tempsoft,Mankrik-US,Mage - Arcane,641,12796.66
bmuirden35,horde,Flowdesk,Arugal-US,DeathKnight - Frost,641,13624.93
epetrelli36,alliance,Y-Solowarm,Faerlina-US,Hunter - Survival,645,14636.6
sjearum37,alliance,Tresom,Pagle-US,Druid - Balance,633,12885.51
aanney38,horde,Otcom,Pagle-US,Priest - Shadow,645,14488.24
bhydes39,alliance,Konklux,Arugal-US,Hunter - Survival,633,13914.56
wsarton3a,horde,Regrant,Pagle-US,Mage - Frost,641,13439.99
jfillingham3b,alliance,Hatity,Grobbulus-US,Rogue - Subtlety,645,12589.12
rsweetsur3c,alliance,Matsoft,Mankrik-US,Druid - Feral,641,14276.3
dkiddell3d,horde,Temp,Benediction-US,Mage - Frost,633,13237.3
epenhaleurack3e,horde,Zontrax,Whitemane-US,Hunter - Marksmanship,641,14937.76
ahenricsson3f,alliance,Asoka,Pagle-US,Druid - Feral,641,12021.44
wwillingale3g,alliance,Lotstring,Grobbulus-US,Warlock - Affliction,633,13459.9
ghobben3h,alliance,Zontrax,Mankrik-US,Rogue - Combat,641,14494.25
ehallbord3i,horde,Wrapsafe,Mankrik-US,Shaman - Enhancement,629,13911.01
ftant3j,horde,Andalax,Pagle-US,DeathKnight - Frost,641,14907.21
csargint3k,horde,Veribet,Whitemane-US,Warlock - Destruction,641,14920.99
rdarley3l,horde,Keylex,Faerlina-US,Hunter - Beast Mastery,633,13580.31
kblevin3m,horde,Veribet,Pagle-US,Druid - Feral,629,14034.63
hturtle3n,horde,Vagram,Benediction-US,Mage - Fire,641,13540.68
fharlowe3o,horde,Redhold,Faerlina-US,Rogue - Assassination,629,12988.03
hwraggs3p,horde,Transcof,Pagle-US,Priest - Shadow,633,14075.42
ntrenam3q,horde,Kanlam,Pagle-US,Mage - Fire,629,12414.18
lsexty3r,horde,Sonair,Whitemane-US,Rogue - Combat,633,13105.11
carmsden3s,alliance,Transcof,Mankrik-US,Mage - Frost,641,12813.77
bbreinl3t,alliance,Y-Solowarm,Faerlina-US,Shaman - Elemental,645,12482.99
tbeinke3u,alliance,Prodder,Mankrik-US,Shaman - Elemental,633,14273.3
rblakiston3v,horde,Tampflex,Arugal-US,Hunter - Marksmanship,645,14847.25
ghardman3w,horde,Lotlux,Arugal-US,Hunter - Beast Mastery,629,14404.73
hkarpe3x,alliance,Y-Solowarm,Whitemane-US,DeathKnight - Unholy,641,12134.15
hchanning3y,alliance,Cookley,Mankrik-US,Mage - Arcane,629,12287.39
magglio3z,horde,Tempsoft,Pagle-US,DeathKnight - Frost,629,12764.02
kdemke40,horde,Andalax,Mankrik-US,Druid - Balance,641,13570.08
bcowndley41,horde,Vagram,Faerlina-US,Warlock - Demonology,645,14112.76
sgilchrist42,alliance,Alphazap,Whitemane-US,Druid - Feral,641,12300.18
pgloy43,alliance,Sonair,Pagle-US,Warlock - Demonology,645,14681.4
skingzeth44,horde,Ventosanzap,Mankrik-US,Shaman - Enhancement,641,14764.7
bregitz45,alliance,Zamit,Arugal-US,Warrior - Arms,645,13432.46
bbridgman46,horde,Alphazap,Mankrik-US,Shaman - Enhancement,641,12981.1
gbuske47,horde,Redhold,Faerlina-US,Druid - Balance,641,12583.58
jpimblett48,horde,Stim,Whitemane-US,DeathKnight - Unholy,641,13139.99
sholcroft49,alliance,Zaam-Dox,Grobbulus-US,Hunter - Marksmanship,641,14107.83
nyelding4a,alliance,Holdlamis,Benediction-US,Rogue - Subtlety,641,13303.78
egercken4b,horde,Fixflex,Benediction-US,DeathKnight - Blood (DPS),629,13878.85
vdaunay4c,horde,Andalax,Faerlina-US,Druid - Balance,629,14689.58
fhuttley4d,alliance,Cookley,Benediction-US,Druid - Feral,645,12951.44
egaythorpe4e,alliance,Alpha,Pagle-US,Rogue - Combat,641,14325.26
mshoppee4f,horde,Holdlamis,Mankrik-US,Warlock - Demonology,629,13514.24
vziebart4g,alliance,Bitchip,Pagle-US,Mage - Arcane,629,12256.68
aforton4h,alliance,Domainer,Grobbulus-US,Hunter - Beast Mastery,641,14007.08
rsherrum4i,horde,Solarbreeze,Mankrik-US,Warrior - Fury,633,12863.03
mclew4j,horde,Opela,Benediction-US,Rogue - Assassination,629,12778.81
kyakunikov4k,alliance,Tempsoft,Whitemane-US,Rogue - Assassination,629,12301.85
minkle4l,horde,Temp,Benediction-US,Druid - Balance,645,14898.2
mphripp4m,alliance,Fix San,Pagle-US,Warlock - Destruction,645,13097.57
crogeon4n,horde,Asoka,Mankrik-US,Hunter - Beast Mastery,645,13789.25
cdenziloe4o,alliance,Tresom,Mankrik-US,Warlock - Destruction,633,13823.56
hroderham4p,horde,Pannier,Mankrik-US,Paladin - Retribution,641,12037.19
madamovitch4q,alliance,Asoka,Faerlina-US,Paladin - Retribution,641,13635.5
ncansdall4r,alliance,Temp,Mankrik-US,Rogue - Combat,633,12348.47
ipankettman4s,alliance,Fintone,Benediction-US,Mage - Arcane,629,14848.67
tblaxall4t,horde,Tin,Benediction-US,Warlock - Affliction,629,12968.26
glanphier4u,alliance,Ventosanzap,Benediction-US,Priest - Shadow,629,13076.77
cwreakes4v,horde,Duobam,Mankrik-US,Hunter - Survival,633,13367.23
hborland4w,alliance,Sonsing,Benediction-US,DeathKnight - Blood (DPS),645,14718.2
jiacabucci4x,horde,Flexidy,Whitemane-US,DeathKnight - Blood (DPS),629,14104.83
schaulk4y,horde,Flowdesk,Mankrik-US,Warrior - Fury,645,14397.12
battewill4z,alliance,Latlux,Mankrik-US,Hunter - Marksmanship,629,12892.75
sschollick50,alliance,Konklux,Benediction-US,Druid - Feral,645,12930.79
mloges51,alliance,Cardguard,Faerlina-US,Hunter - Marksmanship,633,12409.76
dshevelin52,alliance,Redhold,Pagle-US,DeathKnight - Unholy,629,14371.0
jdillingstone53,horde,Mat Lam Tam,Mankrik-US,Mage - Arcane,641,12473.49
astigell54,alliance,Y-find,Benediction-US,Mage - Frost,633,14184.32
qstailey55,horde,Mat Lam Tam,Whitemane-US,Shaman - Enhancement,629,13517.18
jcheal56,horde,Latlux,Pagle-US,Warlock - Affliction,645,12260.04
rmalloch57,horde,Mat Lam Tam,Grobbulus-US,Rogue - Combat,645,13546.19
sbelcher58,horde,Zontrax,Whitemane-US,Priest - Shadow,629,12459.36
fszwarc59,horde,Fix San,Mankrik-US,Paladin - Retribution,645,14496.51
ophythian5a,horde,Zamit,Grobbulus-US,Mage - Arcane,629,12995.08
emccreery5b,horde,Alphazap,Pagle-US,Mage - Fire,645,12880.57
lcumberledge5c,alliance,Veribet,Whitemane-US,Shaman - Elemental,641,12634.43
paylmore5d,alliance,Bitwolf,Benediction-US,Mage - Fire,641,14481.77
cyeowell5e,alliance,Fintone,Pagle-US,Rogue - Combat,633,12022.29
hobrogan5f,horde,Stim,Pagle-US,DeathKnight - Blood (DPS),641,14487.99
pcongreave5g,alliance,Ronstring,Pagle-US,Rogue - Subtlety,633,14046.7
bcorkett5h,alliance,Toughjoyfax,Mankrik-US,DeathKnight - Blood (DPS),633,12607.49
plempertz5i,horde,Holdlamis,Whitemane-US,Hunter - Survival,641,13150.14
udayer5j,horde,Bytecard,Faerlina-US,Warlock - Demonology,629,13744.03
mjellybrand5k,horde,Job,Faerlina-US,DeathKnight - Unholy,645,14467.75
gveare5l,alliance,Domainer,Benediction-US,Hunter - Survival,641,13901.85
pcuthbert5m,horde,Span,Grobbulus-US,Hunter - Survival,645,12993.03
bprendeguest5n,alliance,Regrant,Arugal-US,Mage - Arcane,641,13404.34
iorwin5o,alliance,Gembucket,Mankrik-US,Hunter - Marksmanship,633,14532.77
mdodworth5p,alliance,Voltsillam,Whitemane-US,Druid - Balance,629,12223.44
enormavill5q,alliance,Stronghold,Faerlina-US,Warlock - Demonology,633,12182.49
nheintz5r,horde,Daltfresh,Arugal-US,Rogue - Combat,629,14944.0
dandryunin5s,alliance,Voyatouch,Grobbulus-US,Warlock - Demonology,645,12201.43
adougary5t,alliance,Y-find,Pagle-US,Paladin - Retribution,629,13739.32
drentenbeck5u,horde,Y-Solowarm,Mankrik-US,DeathKnight - Blood (DPS),633,14367.69
emacgahy5v,horde,Keylex,Mankrik-US,Shaman - Elemental,645,12117.5
tfagan5w,horde,Subin,Grobbulus-US,Shaman - Elemental,629,14818.46
dchavrin5x,horde,Sub-Ex,Pagle-US,Warlock - Demonology,629,12691.36
mrivitt5y,alliance,Rank,Arugal-US,Mage - Arcane,629,14930.5
pmilland5z,alliance,Tres-Zap,Faerlina-US,Hunter - Beast Mastery,629,12914.95
ksimmell60,alliance,Wrapsafe,Faerlina-US,Warlock - Destruction,633,14141.99
bpeppard61,horde,Alphazap,Mankrik-US,Rogue - Assassination,633,12898.92
jspellacey62,alliance,Cookley,Pagle-US,Warrior - Arms,633,13129.56
rcardiff63,horde,Konklab,Mankrik-US,Druid - Feral,633,14929.79
jgamett64,alliance,Bamity,Grobbulus-US,Warrior - Arms,633,12202.81
blonghorne65,alliance,Alphazap,Mankrik-US,Warlock - Affliction,641,13509.42
omcgreal66,horde,Sonsing,Whitemane-US,Warlock - Destruction,645,12892.92
ekinkade67,horde,Fixflex,Benediction-US,Druid - Balance,629,14934.08
sphoenix68,alliance,Matsoft,Benediction-US,Rogue - Assassination,633,14210.38
rbramo69,alliance,Sonsing,Faerlina-US,Rogue - Combat,645,13847.57
cbotly6a,horde,Overhold,Mankrik-US,Mage - Frost,645,12230.03
bvasilyonok6b,alliance,Gembucket,Pagle-US,Hunter - Marksmanship,629,13133.09
cwicks6c,alliance,Tresom,Mankrik-US,Paladin - Retribution,633,14008.93
rmeriguet6d,horde,Opela,Arugal-US,Rogue - Combat,629,12444.6
igerrans6e,horde,Aerified,Faerlina-US,Hunter - Marksmanship,645,12480.38
bmcquorkel6f,alliance,Sub-Ex,Grobbulus-US,Rogue - Combat,629,12768.54
cackenhead6g,alliance,Trippledex,Benediction-US,Hunter - Survival,641,14748.4
bpiscopo6h,horde,Bitchip,Whitemane-US,Hunter - Marksmanship,645,14163.1
eirlam6i,alliance,Bigtax,Mankrik-US,Shaman - Elemental,633,14507.33
jparis6j,alliance,Job,Benediction-US,Shaman - Enhancement,645,12625.57
lwhear6k,alliance,Voyatouch,Whitemane-US,Warlock - Demonology,629,14161.73
jdenisot6l,horde,Domainer,Whitemane-US,Warlock - Destruction,645,12655.59
dglendenning6m,alliance,Sonair,Grobbulus-US,Mage - Fire,641,13297.09
alorenc6n,horde,Konklux,Pagle-US,Priest - Shadow,633,12215.79
rwaberer6o,horde,Bitchip,Benediction-US,Hunter - Beast Mastery,641,12013.31
fcabotto6p,alliance,Sonsing,Arugal-US,Warlock - Affliction,633,12112.05
cjachimiak6q,alliance,Viva,Whitemane-US,Hunter - Beast Mastery,645,12038.14
vjimmison6r,alliance,Fintone,Whitemane-US,Mage - Arcane,633,14193.55
jmacellen6s,alliance,Temp,Pagle-US,Warlock - Affliction,629,12078.85
hciotti6t,horde,Subin,Pagle-US,Mage - Arcane,641,13304.52
mmauvin6u,horde,Daltfresh,Faerlina-US,Hunter - Beast Mastery,629,13451.12
jcloney6v,alliance,Keylex,Arugal-US,Warlock - Destruction,633,14800.59
amelmeth6w,alliance,Bytecard,Whitemane-US,Hunter - Beast Mastery,645,12103.71
cwastie6x,horde,Zaam-Dox,Pagle-US,Warrior - Fury,645,14166.27
kcowin6y,alliance,Transcof,Faerlina-US,Rogue - Assassination,629,14667.39
ehaggett6z,alliance,Quo Lux,Mankrik-US,DeathKnight - Blood (DPS),629,12329.95
csmeal70,alliance,Sub-Ex,Pagle-US,Druid - Feral,629,13949.82
dandrews71,horde,Domainer,Benediction-US,DeathKnight - Blood (DPS),629,13603.19
imascall72,alliance,Veribet,Mankrik-US,Mage - Fire,633,13995.44
kjeffers73,horde,Opela,Benediction-US,DeathKnight - Blood (DPS),629,12180.34
gburstow74,horde,It,Whitemane-US,DeathKnight - Frost,645,12210.12
aclarage75,horde,Cardify,Mankrik-US,Mage - Arcane,629,14050.94
grideout76,horde,Job,Mankrik-US,Mage - Fire,645,13972.12
wtowler77,alliance,Transcof,Pagle-US,Mage - Frost,641,14433.76
cwark78,alliance,Sub-Ex,Mankrik-US,Warlock - Demonology,633,12325.23
sludron79,horde,Bamity,Faerlina-US,Warrior - Arms,641,13557.43
cholsall7a,horde,Overhold,Faerlina-US,Warrior - Fury,629,13574.56
bphear7b,alliance,Rank,Pagle-US,Warlock - Demonology,645,13416.32
reilers7c,horde,Temp,Arugal-US,Hunter - Beast Mastery,629,13210.13
rfordyce7d,alliance,Biodex,Arugal-US,Warlock - Affliction,629,14301.16
skeary7e,alliance,Vagram,Faerlina-US,Druid - Balance,645,14887.82
smcquarrie7f,alliance,Veribet,Whitemane-US,Rogue - Subtlety,629,12942.55
tholhouse7g,horde,Zaam-Dox,Whitemane-US,DeathKnight - Unholy,629,14186.82
fbernini7h,horde,Aerified,Mankrik-US,Druid - Balance,641,14376.64
doscallan7i,alliance,Span,Arugal-US,Warrior - Arms,633,12303.83
fkeach7j,alliance,Wrapsafe,Faerlina-US,Shaman - Elemental,641,13369.43
sdoonican7k,alliance,Konklab,Faerlina-US,Mage - Arcane,633,14774.85
bkinlock7l,horde,Rank,Benediction-US,Mage - Fire,633,12846.83
cjantot7m,alliance,Holdlamis,Faerlina-US,Shaman - Elemental,629,14998.83
dschimank7n,alliance,Transcof,Mankrik-US,Warrior - Arms,629,14614.89
bbaglow7o,horde,Ronstring,Faerlina-US,Shaman - Enhancement,629,13172.74
cmote7p,horde,Andalax,Benediction-US,Rogue - Subtlety,645,12001.69
cleckey7q,alliance,Rank,Grobbulus-US,Hunter - Survival,629,13817.78
nbruhke7r,alliance,Biodex,Grobbulus-US,Mage - Fire,633,12188.09
wsapey7s,alliance,Flowdesk,Mankrik-US,Warrior - Fury,633,12631.52
jalenin7t,alliance,Subin,Grobbulus-US,Warlock - Affliction,641,13820.2
hflagg7u,alliance,Solarbreeze,Arugal-US,Hunter - Marksmanship,629,12729.61
ewistance7v,horde,Duobam,Benediction-US,Rogue - Combat,629,14023.46
nhuyge7w,alliance,Stronghold,Grobbulus-US,Druid - Feral,641,13894.29
psongust7x,alliance,Fixflex,Grobbulus-US,Rogue - Combat,641,13489.42
tpower7y,horde,Opela,Benediction-US,Warlock - Affliction,641,12314.22
adragoe7z,alliance,Greenlam,Arugal-US,Hunter - Survival,633,14044.84
yfiddiman80,alliance,Tres-Zap,Faerlina-US,Warlock - Affliction,629,12532.93
wgiron81,alliance,Voyatouch,Pagle-US,Druid - Balance,641,12728.94
mblenkiron82,alliance,Y-Solowarm,Whitemane-US,Rogue - Combat,645,12906.2
aingon83,alliance,Job,Mankrik-US,DeathKnight - Frost,629,14180.97
aattle84,horde,Daltfresh,Benediction-US,Rogue - Assassination,641,14108.67
shorrigan85,horde,Job,Pagle-US,Druid - Balance,633,14141.04
gllorente86,alliance,Zaam-Dox,Mankrik-US,Warrior - Arms,629,14390.57
lscardifeild87,alliance,Fintone,Faerlina-US,Shaman - Elemental,633,12437.78
jhounsham88,alliance,Overhold,Faerlina-US,DeathKnight - Blood (DPS),633,14870.56
ckinsett89,alliance,Veribet,Whitemane-US,Mage - Fire,645,12640.24
bedgerton8a,horde,Tresom,Faerlina-US,Hunter - Beast Mastery,629,13748.22
gmassie8b,alliance,Mat Lam Tam,Whitemane-US,Priest - Shadow,645,13706.68
cstein8c,alliance,Transcof,Whitemane-US,Warlock - Destruction,629,13954.53
cdysert8d,horde,Tin,Mankrik-US,Rogue - Subtlety,645,13867.81
yhazelgrove8e,alliance,Voltsillam,Benediction-US,Hunter - Survival,641,14106.99
dricardon8f,alliance,Toughjoyfax,Mankrik-US,Warlock - Demonology,633,14606.53
gdurant8g,horde,Quo Lux,Grobbulus-US,Shaman - Enhancement,633,14633.77
kfowlds8h,alliance,Cardify,Arugal-US,Hunter - Survival,641,14589.31
bplumridge8i,alliance,Trippledex,Whitemane-US,Mage - Frost,629,12986.21
ahendron8j,horde,Zoolab,Benediction-US,Priest - Shadow,629,12369.66
gthorlby8k,alliance,Wrapsafe,Arugal-US,Hunter - Marksmanship,645,12673.72
sswaden8l,horde,Bitchip,Arugal-US,Priest - Shadow,645,14358.69
wlodo8m,alliance,Flexidy,Pagle-US,Mage - Arcane,633,14522.78
mlorrie8n,horde,Cardguard,Mankrik-US,Rogue - Combat,633,13293.08
eguise8o,alliance,Transcof,Whitemane-US,Hunter - Marksmanship,641,13129.36
palbisser8p,alliance,Subin,Benediction-US,Rogue - Assassination,645,12855.3
kholdworth8q,horde,Tresom,Benediction-US,Hunter - Beast Mastery,629,14832.19
jchetwind8r,alliance,Bitchip,Grobbulus-US,Mage - Arcane,645,13603.67
tgooderham8s,alliance,Gembucket,Arugal-US,Rogue - Combat,633,13035.23
wburrus8t,horde,Y-Solowarm,Faerlina-US,Warlock - Affliction,641,12733.65
tthys8u,horde,Konklux,Whitemane-US,Warlock - Destruction,633,13281.52
ksoloway8v,horde,Konklab,Grobbulus-US,Warrior - Arms,645,13726.93
vsheldrick8w,alliance,Prodder,Benediction-US,Druid - Balance,641,13951.29
ckiddie8x,horde,Latlux,Whitemane-US,Rogue - Assassination,629,12612.26
jgrayson8y,alliance,Zontrax,Mankrik-US,Warlock - Demonology,645,12864.35
cchesterton8z,horde,Zontrax,Grobbulus-US,Mage - Fire,629,12796.07
fkilshall90,horde,Cardguard,Arugal-US,Mage - Fire,641,13798.51
kdorracott91,horde,Konklab,Benediction-US,Rogue - Assassination,633,12885.45
dtorr92,horde,Cardify,Faerlina-US,Rogue - Subtlety,629,12937.92
vfarrall93,alliance,Gembucket,Pagle-US,Priest - Shadow,629,13745.72
ecourvert94,horde,Overhold,Benediction-US,Hunter - Marksmanship,645,12194.06
chovel95,horde,Y-Solowarm,Benediction-US,Paladin - Retribution,633,12613.29
feastgate96,alliance,Wrapsafe,Whitemane-US,Priest - Shadow,645,13641.24
kemblow97,horde,Flexidy,Arugal-US,Warrior - Fury,645,12033.77
thammerstone98,alliance,Domainer,Whitemane-US,DeathKnight - Unholy,629,13951.64
khentze99,horde,Alpha,Arugal-US,Paladin - Retribution,629,13473.14
akubala9a,alliance,Trippledex,Arugal-US,Druid - Balance,645,13431.79
mpiddick9b,alliance,Lotlux,Grobbulus-US,Shaman - Enhancement,633,12986.5
ichattington9c,horde,Regrant,Arugal-US,DeathKnight - Unholy,629,12730.72
bbottomer9d,horde,Redhold,Whitemane-US,DeathKnight - Blood (DPS),645,13347.11
mhowton9e,alliance,Alpha,Mankrik-US,Mage - Fire,645,12751.34
lweatherhogg9f,alliance,Cardify,Pagle-US,DeathKnight - Unholy,645,14392.34
zcoates9g,horde,Daltfresh,Pagle-US,Warrior - Arms,641,12356.05
ybrisset9h,horde,Asoka,Arugal-US,Warlock - Affliction,633,12701.01
tnanuccioi9i,horde,Treeflex,Faerlina-US,Mage - Frost,645,13472.53
ereek9j,horde,Fix San,Arugal-US,Priest - Shadow,641,13102.45
zsallan9k,horde,Transcof,Grobbulus-US,Warlock - Destruction,645,12792.68
hhibling9l,horde,Y-find,Benediction-US,Rogue - Assassination,645,13063.43
mgantzman9m,alliance,Zontrax,Whitemane-US,DeathKnight - Unholy,629,12026.14
fschops9n,horde,Fintone,Arugal-US,Paladin - Retribution,629,13935.48
wiaduccelli9o,horde,Lotlux,Pagle-US,Warlock - Destruction,633,14759.2
apenniall9p,horde,Cardguard,Arugal-US,Warrior - Arms,633,14285.06
efowle9q,horde,Namfix,Arugal-US,Warrior - Arms,645,13838.93
gkemball9r,horde,Biodex,Mankrik-US,DeathKnight - Frost,645,12828.88
dmaine9s,alliance,Flowdesk,Benediction-US,Mage - Arcane,645,13552.15
kurion9t,horde,Kanlam,Pagle-US,Shaman - Enhancement,641,12278.47
chardeman9u,horde,Wrapsafe,Benediction-US,Paladin - Retribution,645,13441.02
bchateau9v,horde,Overhold,Whitemane-US,Paladin - Retribution,629,12953.08
asimanek9w,horde,Trippledex,Grobbulus-US,Hunter - Survival,645,14556.85
ringledew9x,alliance,Matsoft,Faerlina-US,Warrior - Fury,645,12148.01
nfoakes9y,horde,Stronghold,Faerlina-US,Warlock - Affliction,641,14365.93
bdibiagio9z,horde,Sonair,Faerlina-US,Druid - Feral,641,12410.13
mholtoma0,horde,Stim,Benediction-US,Warlock - Demonology,641,12413.49
abusena1,horde,Job,Mankrik-US,Druid - Feral,633,13164.88
edobrowolskia2,horde,Konklab,Mankrik-US,Warlock - Demonology,633,14459.46
pjusticea3,horde,It,Benediction-US,Paladin - Retribution,641,14887.68
wrontscha4,horde,Andalax,Mankrik-US,Warrior - Fury,641,14342.23
ksausmana5,horde,Cardify,Grobbulus-US,Rogue - Combat,629,14198.65
ccoonihana6,horde,Gembucket,Mankrik-US,DeathKnight - Frost,645,13286.86
hcogdona7,horde,Veribet,Benediction-US,Warlock - Demonology,629,14976.06
afippa8,alliance,Zathin,Mankrik-US,Mage - Fire,645,14154.24
xsivessa9,alliance,Trippledex,Mankrik-US,Warlock - Affliction,641,12353.51
dcordelleaa,alliance,Ronstring,Arugal-US,Rogue - Assassination,629,12111.29
tungarettiab,alliance,Vagram,Mankrik-US,Warrior - Fury,629,14262.67
lromanettiac,alliance,Zontrax,Whitemane-US,Paladin - Retribution,641,13331.85
nstanwayad,alliance,Alpha,Grobbulus-US,Warlock - Affliction,629,12042.65
sholmesae,horde,Prodder,Arugal-US,Warlock - Demonology,641,12343.46
dcrosioaf,alliance,Stronghold,Faerlina-US,Rogue - Assassination,641,13869.97
apeyeag,horde,Fintone,Arugal-US,Druid - Balance,645,13696.09
jmccreedyah,alliance,Zontrax,Benediction-US,Shaman - Enhancement,645,12632.98
otunneyai,alliance,Sonsing,Grobbulus-US,Warrior - Arms,633,13744.85
dmatthewsaj,horde,Pannier,Grobbulus-US,Shaman - Elemental,633,14221.82
pscroggieak,horde,Prodder,Mankrik-US,Rogue - Assassination,629,12993.65
bpatisal,alliance,Cardguard,Arugal-US,Mage - Fire,629,12170.58
gshepherdam,horde,Fintone,Whitemane-US,Hunter - Survival,641,13174.36
ccamfieldan,alliance,Transcof,Pagle-US,Warlock - Affliction,629,13719.27
dschultao,horde,Otcom,Whitemane-US,Druid - Balance,641,14487.51
rcattrollap,alliance,Stringtough,Benediction-US,DeathKnight - Unholy,641,14478.85
smaymondaq,alliance,Zontrax,Arugal-US,Mage - Arcane,633,12293.16
vbreensar,alliance,Bitchip,Faerlina-US,Mage - Frost,641,12906.72
sdoggerellas,alliance,Aerified,Benediction-US,Hunter - Survival,645,12511.41
jbosselat,alliance,Bitchip,Arugal-US,Druid - Balance,629,13668.35
csargintau,alliance,Fintone,Benediction-US,Mage - Fire,641,13561.9
obonnetav,horde,Lotstring,Grobbulus-US,Hunter - Beast Mastery,629,14891.99
djirikaw,horde,Opela,Benediction-US,Mage - Fire,641,13481.83
zraynesax,alliance,Asoka,Pagle-US,Rogue - Assassination,645,12094.88
tyashinay,horde,Namfix,Whitemane-US,Druid - Feral,633,14411.78
byoungsaz,horde,Bigtax,Grobbulus-US,Hunter - Beast Mastery,633,12487.21
etearnyb0,alliance,Zamit,Whitemane-US,Hunter - Beast Mastery,629,13547.29
cbadrockb1,horde,Gembucket,Benediction-US,Rogue - Assassination,645,12975.26
vjancikb2,horde,Alphazap,Mankrik-US,Warrior - Arms,645,12096.89
esandallb3,alliance,Veribet,Whitemane-US,Druid - Balance,633,12405.36
sbeckleyb4,alliance,Flexidy,Arugal-US,Druid - Balance,641,13256.24
asutehallb5,alliance,Alphazap,Grobbulus-US,Rogue - Combat,629,12976.74
rmacwhanb6,horde,Viva,Whitemane-US,Hunter - Survival,629,13066.79
cgreiserb7,alliance,Bitchip,Benediction-US,DeathKnight - Frost,633,13062.11
teddieb8,horde,Aerified,Faerlina-US,Shaman - Elemental,633,14156.51
jskillingb9,horde,Zaam-Dox,Arugal-US,DeathKnight - Frost,629,13043.04
godomba,horde,Opela,Benediction-US,Warrior - Fury,629,14321.37
lblockeybb,horde,Domainer,Mankrik-US,Warlock - Demonology,629,13456.84
gcolreinbc,horde,Ventosanzap,Pagle-US,Shaman - Enhancement,629,13720.05
dminichillobd,horde,Daltfresh,Whitemane-US,DeathKnight - Unholy,629,12763.97
gjulienbe,alliance,It,Whitemane-US,Druid - Feral,645,13922.4
esandbatchbf,horde,Fix San,Faerlina-US,Hunter - Beast Mastery,645,12201.91
rhampebg,horde,Namfix,Grobbulus-US,Warrior - Fury,629,14442.97
flererbh,alliance,Fix San,Arugal-US,Warlock - Affliction,641,12488.08
sgoldsbybi,horde,Toughjoyfax,Pagle-US,Druid - Feral,633,12093.14
fparringtonbj,alliance,It,Whitemane-US,Rogue - Assassination,629,12535.86
aspradberybk,alliance,Voltsillam,Grobbulus-US,Priest - Shadow,633,13938.18
ececerebl,horde,Stronghold,Faerlina-US,Mage - Fire,633,13506.38
ocostellowbm,alliance,Redhold,Benediction-US,Druid - Feral,641,12786.73
rbarstowbn,alliance,Overhold,Faerlina-US,Hunter - Survival,645,14119.5
gmartinsonbo,horde,Zaam-Dox,Faerlina-US,DeathKnight - Blood (DPS),629,12851.09
lellsburybp,horde,Alphazap,Grobbulus-US,Warrior - Fury,629,12281.09
ksoughtonbq,alliance,Andalax,Benediction-US,Paladin - Retribution,629,14647.84
delsburybr,horde,Pannier,Whitemane-US,Mage - Arcane,629,14510.52
clouisetbs,horde,Overhold,Pagle-US,Paladin - Retribution,641,12231.42
mrozanskibt,alliance,Fintone,Faerlina-US,Mage - Fire,633,13188.05
epenningbu,horde,Wrapsafe,Arugal-US,DeathKnight - Frost,633,13081.46
vwattinghambv,horde,Stim,Grobbulus-US,Warrior - Fury,629,14186.35
agamellbw,alliance,Zoolab,Mankrik-US,Warlock - Demonology,633,14525.39
hdoumerquebx,alliance,Treeflex,Benediction-US,Hunter - Marksmanship,641,13341.57
jgallifordby,horde,Span,Mankrik-US,Mage - Arcane,641,13745.66
msclaterbz,horde,Cardguard,Pagle-US,DeathKnight - Blood (DPS),633,13606.09
vmacksteadc0,alliance,Ronstring,Arugal-US,Hunter - Beast Mastery,645,12795.5
efilippelloc1,alliance,Cardguard,Arugal-US,Warrior - Fury,633,13255.86
bmeac2,alliance,Keylex,Faerlina-US,Mage - Frost,645,13456.1
rschwandermannc3,horde,Y-Solowarm,Arugal-US,Hunter - Survival,629,14951.75
apallinc4,alliance,Job,Arugal-US,Mage - Fire,641,14921.43
knoirelc5,alliance,Quo Lux,Pagle-US,Warrior - Fury,641,14770.38
gheathcotec6,horde,Prodder,Pagle-US,Rogue - Combat,645,12241.75
ascocroftc7,alliance,Matsoft,Arugal-US,Druid - Balance,641,14990.11
wmorlc8,alliance,Bytecard,Whitemane-US,Rogue - Assassination,633,14976.5
drosewarnec9,horde,Trippledex,Mankrik-US,Mage - Frost,629,12106.07
ejeskinca,horde,Bitchip,Whitemane-US,Warrior - Arms,629,14885.02
qkleinmanncb,alliance,Voltsillam,Pagle-US,Rogue - Assassination,633,14685.68
nhardimancc,horde,Quo Lux,Faerlina-US,Rogue - Subtlety,641,12517.24
tsturzakercd,alliance,Andalax,Whitemane-US,Shaman - Enhancement,645,12403.34
rkubatschce,alliance,Zathin,Faerlina-US,Warlock - Destruction,633,13721.04
tgaynsfordcf,alliance,Regrant,Arugal-US,Hunter - Beast Mastery,629,13658.95
cbuddleighcg,alliance,Keylex,Whitemane-US,Shaman - Elemental,645,14096.43
salwinch,alliance,Stim,Benediction-US,Hunter - Survival,645,12600.23
mbeyneci,alliance,Konklab,Arugal-US,Shaman - Elemental,641,13090.31
scorradetticj,horde,Cardguard,Faerlina-US,Hunter - Beast Mastery,645,13338.77
brhymeck,horde,Zamit,Grobbulus-US,Mage - Frost,629,14464.96
wmullettcl,horde,Lotstring,Benediction-US,Priest - Shadow,633,12908.69
jwestheadcm,alliance,Zathin,Grobbulus-US,Hunter - Marksmanship,641,13599.52
lpitkincn,alliance,Asoka,Mankrik-US,Warlock - Demonology,641,13540.87
rlammertzco,horde,Tresom,Faerlina-US,Shaman - Elemental,633,14266.1
jscarcecp,horde,Alpha,Whitemane-US,Rogue - Subtlety,641,14287.68
dburgotcq,alliance,Flowdesk,Arugal-US,Shaman - Elemental,629,13979.63
afeakscr,horde,Zontrax,Whitemane-US,Druid - Balance,629,14480.62
mwhitmellcs,alliance,Mat Lam Tam,Whitemane-US,DeathKnight - Frost,641,13112.44
dsaterthwaitct,horde,Temp,Arugal-US,Paladin - Retribution,629,13839.26
gspencookcu,alliance,Domainer,Pagle-US,Hunter - Beast Mastery,645,12384.74
dgarlingecv,alliance,Lotlux,Benediction-US,Druid - Balance,645,14357.3
nvibertcw,horde,Andalax,Pagle-US,Priest - Shadow,629,13993.54
binglesoncx,horde,Gembucket,Pagle-US,Paladin - Retribution,645,12786.17
lscatchercy,horde,Keylex,Pagle-US,Druid - Balance,645,14805.4
smacklincz,alliance,Job,Pagle-US,DeathKnight - Unholy,641,14337.22
bgurwoodd0,horde,Alphazap,Pagle-US,Mage - Arcane,633,13087.86
msamesd1,alliance,Viva,Faerlina-US,DeathKnight - Unholy,629,13725.36
ireederd2,alliance,Konklab,Pagle-US,DeathKnight - Blood (DPS),641,12064.59
efriesed3,horde,Andalax,Arugal-US,Hunter - Marksmanship,645,12243.76
svialsd4,horde,Temp,Benediction-US,Warlock - Affliction,641,14483.33
gwellingd5,alliance,Transcof,Pagle-US,Warlock - Affliction,641,12299.76
gdennyd6,alliance,Cardguard,Whitemane-US,DeathKnight - Blood (DPS),633,14511.55
enotherd7,alliance,Solarbreeze,Pagle-US,Warlock - Affliction,641,12630.16
kfisbburned8,horde,Voltsillam,Grobbulus-US,Warlock - Affliction,629,14186.54
jbonteind9,alliance,Hatity,Mankrik-US,Mage - Fire,645,13733.41
bparkinsonda,alliance,Gembucket,Whitemane-US,Hunter - Survival,633,14815.77
atinsleydb,horde,Asoka,Mankrik-US,Mage - Arcane,641,14449.08
gbonnickdc,horde,Fintone,Faerlina-US,Shaman - Enhancement,633,14432.05
gfitzsimonsdd,horde,Stringtough,Arugal-US,Mage - Arcane,633,14938.53
wmahmoodde,alliance,Stim,Pagle-US,Mage - Frost,641,14458.63
gmcilherrandf,alliance,Asoka,Arugal-US,Warlock - Affliction,629,13849.25
lbeartdg,horde,Asoka,Pagle-US,Hunter - Survival,645,13185.16
lchezierdh,alliance,Voltsillam,Faerlina-US,Rogue - Subtlety,629,14084.17
lstarsmearedi,alliance,Home Ing,Faerlina-US,Warlock - Destruction,633,12490.84
bantyshevdj,horde,Namfix,Arugal-US,DeathKnight - Frost,641,14587.79
tnarramoredk,horde,Zontrax,Whitemane-US,Warrior - Arms,633,13345.94
ziacoviellodl,horde,Stronghold,Arugal-US,Rogue - Assassination,641,12051.35
gmcginneydm,alliance,Holdlamis,Pagle-US,Warlock - Demonology,641,13527.92
leaddydn,horde,Regrant,Mankrik-US,Mage - Frost,629,13352.18
mhuthartdo,horde,Ventosanzap,Faerlina-US,Warlock - Affliction,645,13305.13
akeeridp,alliance,Prodder,Mankrik-US,Warrior - Fury,633,13457.19
sfairbourndq,horde,Tin,Benediction-US,Mage - Arcane,629,12642.12
tslimmedr,alliance,Cardify,Arugal-US,Paladin - Retribution,641,14170.53
hbortheds,alliance,Tresom,Grobbulus-US,Hunter - Marksmanship,641,13049.84
ibartakdt,horde,Lotstring,Benediction-US,Shaman - Enhancement,641,12385.19
skeoghandu,alliance,Fintone,Mankrik-US,Warlock - Demonology,641,12562.2
pgerramdv,horde,Tresom,Mankrik-US,Warlock - Affliction,629,14385.08
ktomaskovdw,horde,Stringtough,Pagle-US,Druid - Balance,629,12036.99
bgowrydx,horde,Bitwolf,Arugal-US,Shaman - Elemental,629,13050.42
mjackettdy,alliance,Lotlux,Mankrik-US,Mage - Frost,641,12732.96
dlovelacedz,horde,Prodder,Benediction-US,Hunter - Survival,633,13012.08
showate0,horde,Sonair,Grobbulus-US,Shaman - Enhancement,629,13983.21
aspeeke1,alliance,Cardguard,Benediction-US,DeathKnight - Frost,645,14266.32
tciobotarue2,horde,Alphazap,Benediction-US,DeathKnight - Unholy,633,14208.77
kgurkoe3,horde,Keylex,Whitemane-US,Mage - Frost,633,12280.1
mmerfine4,horde,Span,Pagle-US,Warrior - Arms,633,13952.31
brupertoe5,horde,Y-find,Grobbulus-US,Paladin - Retribution,633,14641.71
bsibbse6,alliance,Temp,Mankrik-US,Druid - Balance,629,12581.06
sgreensitee7,horde,Daltfresh,Benediction-US,Rogue - Subtlety,633,13889.27
krelphe8,horde,Tres-Zap,Arugal-US,Hunter - Beast Mastery,633,14352.09
livchenkoe9,horde,Latlux,Benediction-US,Rogue - Assassination,645,13951.87
pnoellea,alliance,Greenlam,Mankrik-US,Warlock - Affliction,629,12292.96
bmurricaneseb,alliance,Zathin,Pagle-US,DeathKnight - Unholy,645,14867.83
ylasseterec,alliance,Tampflex,Whitemane-US,Mage - Fire,633,12073.57
ekenchingtoned,alliance,Biodex,Arugal-US,DeathKnight - Blood (DPS),645,14498.44
dsimonassiee,horde,Pannier,Faerlina-US,Shaman - Elemental,633,14044.33
tmeldrumef,horde,Konklux,Mankrik-US,DeathKnight - Frost,645,14671.64
skrolleg,horde,Bigtax,Faerlina-US,Druid - Feral,633,14805.97
rsloyaneh,alliance,Job,Grobbulus-US,Druid - Feral,641,14676.6
ilaityei,alliance,Sonsing,Arugal-US,Rogue - Subtlety,629,13106.08
tnorsterej,horde,Lotstring,Faerlina-US,Hunter - Beast Mastery,641,12249.79
ahaithek,horde,Duobam,Faerlina-US,Druid - Feral,629,14446.93
bspurgeel,horde,Bytecard,Faerlina-US,Hunter - Survival,629,13249.06
srackem,alliance,Namfix,Grobbulus-US,Mage - Frost,645,12508.27
amckeneyen,alliance,Y-find,Benediction-US,DeathKnight - Unholy,633,14698.05
klukereo,alliance,Tresom,Pagle-US,Warlock - Demonology,629,14106.2
ngreiswoodep,horde,Namfix,Arugal-US,Hunter - Marksmanship,645,12718.67
pphilpotteq,horde,Wrapsafe,Benediction-US,Shaman - Enhancement,633,14368.45
nmacinneser,horde,Pannier,Pagle-US,Rogue - Combat,641,13977.85
fgounetes,horde,Alpha,Benediction-US,Hunter - Marksmanship,645,13010.14
vscocroftet,horde,Alpha,Arugal-US,Druid - Feral,629,12918.49
hkeerseu,alliance,Transcof,Grobbulus-US,Rogue - Subtlety,641,14596.95
bbarhimsev,horde,Solarbreeze,Faerlina-US,Priest - Shadow,633,13096.25
eprickettew,alliance,Redhold,Benediction-US,Rogue - Subtlety,633,13462.06
sjeppensenex,alliance,Veribet,Whitemane-US,Mage - Fire,633,14002.24
rjellmaney,horde,Solarbreeze,Grobbulus-US,Druid - Feral,641,13137.86
tolensbyez,horde,Greenlam,Pagle-US,Warlock - Demonology,645,13428.47
hcolquhounf0,horde,Andalax,Grobbulus-US,Paladin - Retribution,645,12371.0
shaffnerf1,alliance,Konklab,Grobbulus-US,Shaman - Enhancement,629,13981.64
blonsbroughf2,alliance,Cookley,Whitemane-US,Hunter - Beast Mastery,633,12542.58
gbagnallf3,horde,Y-find,Benediction-US,Paladin - Retribution,641,14976.3
qkyngef4,horde,Cardify,Grobbulus-US,DeathKnight - Unholy,629,14888.4
sflatleyf5,alliance,Solarbreeze,Grobbulus-US,Warlock - Destruction,641,13822.64
agiovanif6,horde,Cardguard,Whitemane-US,Mage - Arcane,645,13718.18
cmichinf7,alliance,Lotstring,Whitemane-US,Hunter - Beast Mastery,645,12025.95
kprobetsf8,alliance,Biodex,Whitemane-US,Paladin - Retribution,641,12582.0
cmillmoef9,alliance,Alpha,Mankrik-US,Rogue - Combat,633,14357.85
ddallinderfa,horde,Veribet,Whitemane-US,Warlock - Demonology,645,13413.22
hboudfb,alliance,Tresom,Arugal-US,Warrior - Fury,629,13236.1
smorrillfc,horde,Zoolab,Grobbulus-US,Mage - Frost,645,12544.45
syudefd,alliance,Job,Whitemane-US,Hunter - Beast Mastery,629,12178.74
egheraldife,alliance,Subin,Benediction-US,Mage - Arcane,645,12184.59
hkerneff,alliance,Home Ing,Pagle-US,Hunter - Marksmanship,641,12237.39
zorvisfg,horde,Zamit,Mankrik-US,Shaman - Enhancement,641,14359.31
kgebhardfh,alliance,Mat Lam Tam,Mankrik-US,Hunter - Beast Mastery,641,13030.71
vwolfarthfi,horde,Bitchip,Faerlina-US,Rogue - Assassination,633,14886.38
selvenfj,alliance,Tampflex,Whitemane-US,Shaman - Enhancement,633,14554.38
cbelhommefk,horde,Vagram,Whitemane-US,Shaman - Elemental,629,13970.35
gransonfl,alliance,Temp,Mankrik-US,Rogue - Combat,633,14145.34
johickeyfm,horde,Zaam-Dox,Pagle-US,Hunter - Beast Mastery,629,12829.02
nhuncotefn,alliance,Cookley,Whitemane-US,Mage - Fire,629,12062.34
bmoorcroftfo,alliance,Bytecard,Faerlina-US,Mage - Fire,633,12426.71
rtickfp,alliance,Prodder,Arugal-US,Rogue - Assassination,633,14172.39
ghowlingfq,alliance,Latlux,Benediction-US,Mage - Fire,645,14089.92
hmooganfr,horde,Tin,Mankrik-US,DeathKnight - Blood (DPS),645,13647.82
spanasfs,horde,Cookley,Benediction-US,Rogue - Combat,641,13150.88
cmaiseyft,alliance,Viva,Faerlina-US,Rogue - Combat,633,14988.01
blunafu,alliance,Greenlam,Benediction-US,Warlock - Demonology,629,13714.56
lrighyfv,horde,Tresom,Grobbulus-US,Rogue - Combat,633,14030.64
jpetzoltfw,alliance,Sub-Ex,Arugal-US,DeathKnight - Blood (DPS),641,13165.58
rlinefx,horde,Holdlamis,Faerlina-US,Warlock - Demonology,641,12130.91
alinggoodfy,alliance,Bitwolf,Faerlina-US,Hunter - Marksmanship,645,12419.55
himbreyfz,horde,Voyatouch,Arugal-US,Rogue - Assassination,645,12241.99
fnannizzig0,alliance,Overhold,Pagle-US,Shaman - Enhancement,633,13918.71
spirdueg1,horde,Namfix,Faerlina-US,DeathKnight - Unholy,633,14304.93
wlawfulg2,alliance,Voltsillam,Faerlina-US,DeathKnight - Unholy,633,12205.46
bchataing3,horde,Overhold,Arugal-US,Shaman - Elemental,629,13846.47
jtabertg4,horde,Gembucket,Benediction-US,Hunter - Beast Mastery,641,12162.5
gwatshamg5,horde,Tampflex,Grobbulus-US,DeathKnight - Unholy,645,14851.87
laxstong6,alliance,Transcof,Pagle-US,Warrior - Fury,641,13058.03
ascamwellg7,alliance,Aerified,Arugal-US,Shaman - Elemental,633,13749.57
gvassbenderg8,alliance,Tin,Arugal-US,Warlock - Demonology,629,12471.86
gseresg9,horde,Tampflex,Arugal-US,Hunter - Beast Mastery,633,12449.93
kminterga,horde,Latlux,Pagle-US,Warrior - Fury,633,14550.2
mteasellgb,alliance,Opela,Mankrik-US,DeathKnight - Unholy,641,12530.74
grawlsgc,horde,Fixflex,Whitemane-US,Rogue - Assassination,645,13912.9
bmcgladegd,alliance,Span,Arugal-US,Rogue - Subtlety,641,14218.33
skilligrewge,horde,Tampflex,Benediction-US,Mage - Arcane,633,14684.01
jlowdhamgf,alliance,Subin,Mankrik-US,Shaman - Elemental,645,12874.89
nbrunstangg,horde,Trippledex,Pagle-US,Druid - Feral,645,12242.74
calywingh,alliance,Span,Benediction-US,Warrior - Fury,641,13883.02
sburnipgi,alliance,Asoka,Pagle-US,Rogue - Assassination,645,12049.08
dabadamgj,horde,Tin,Grobbulus-US,Druid - Feral,645,12973.63
fberrygk,alliance,Zontrax,Whitemane-US,Shaman - Enhancement,645,13168.13
aabramskigl,horde,Trippledex,Faerlina-US,Shaman - Elemental,641,14895.85
flutergm,alliance,Ronstring,Benediction-US,Mage - Frost,629,14752.33
mkaszpergn,horde,Voyatouch,Benediction-US,Warlock - Destruction,641,13868.96
omassowgo,horde,Sonair,Pagle-US,Mage - Arcane,633,12179.93
srennockgp,alliance,Fixflex,Arugal-US,Hunter - Marksmanship,641,12044.2
rstampegq,alliance,Latlux,Benediction-US,Rogue - Combat,633,13707.18
nposchelgr,horde,Mat Lam Tam,Benediction-US,Warlock - Affliction,629,12342.48
jlaurencegs,alliance,Namfix,Mankrik-US,DeathKnight - Frost,633,12764.17
vraffangt,alliance,Bytecard,Pagle-US,Rogue - Combat,629,12078.22
rmervyngu,alliance,Aerified,Faerlina-US,Rogue - Combat,629,13543.57
ibreffittgv,alliance,Konklux,Pagle-US,Warrior - Fury,645,13711.75
bbrumfittgw,horde,Voyatouch,Mankrik-US,Mage - Arcane,629,12949.65
kbehnekegx,alliance,Cookley,Grobbulus-US,Hunter - Beast Mastery,645,13212.53
jlygogy,alliance,Lotlux,Mankrik-US,Warrior - Fury,645,13165.77
sadnettgz,horde,Solarbreeze,Benediction-US,Druid - Feral,641,13742.51
tgetshamh0,horde,Toughjoyfax,Mankrik-US,Rogue - Assassination,633,14154.52
dnewensh1,horde,Fix San,Arugal-US,DeathKnight - Blood (DPS),633,12239.09
wodlinh2,alliance,Domainer,Pagle-US,Warlock - Affliction,641,13905.49
wdedomenicoh3,horde,Regrant,Mankrik-US,Druid - Feral,641,13693.23
dderuelh4,alliance,Prodder,Whitemane-US,Mage - Arcane,645,13771.81
epandeyh5,horde,Zathin,Mankrik-US,DeathKnight - Unholy,633,12195.64
hbellringerh6,horde,Voyatouch,Pagle-US,Mage - Arcane,641,13247.29
bephsonh7,horde,Opela,Whitemane-US,Warlock - Destruction,629,13126.83
mbernaldezh8,alliance,Holdlamis,Grobbulus-US,Paladin - Retribution,645,12228.31
spaxfordeh9,alliance,Zathin,Benediction-US,Paladin - Retribution,629,13992.04
barzuha,alliance,Toughjoyfax,Pagle-US,Druid - Balance,645,12445.5
bborlandhb,alliance,Lotlux,Pagle-US,Mage - Frost,641,12895.49
afilipsonhc,horde,Konklux,Whitemane-US,Shaman - Enhancement,641,14753.36
kmacpeicehd,alliance,Subin,Pagle-US,DeathKnight - Frost,645,13531.32
bszymanekhe,horde,Wrapsafe,Benediction-US,Mage - Fire,645,12395.01
glearoydehf,horde,Asoka,Pagle-US,Warlock - Destruction,641,13288.95
aflanaghanhg,alliance,Ronstring,Pagle-US,Mage - Fire,633,13422.14
scablehh,alliance,Lotlux,Mankrik-US,Priest - Shadow,633,12002.79
cboomehi,alliance,Fixflex,Pagle-US,DeathKnight - Blood (DPS),641,14258.95
pbeddiehj,horde,Sonair,Grobbulus-US,Shaman - Elemental,641,13744.1
ogianullihk,horde,Latlux,Pagle-US,Warlock - Affliction,629,13147.55
tloisihl,alliance,Solarbreeze,Mankrik-US,Warrior - Fury,645,14643.46
mpaynterhm,horde,Y-find,Pagle-US,Mage - Arcane,645,12667.56
allopishn,alliance,Veribet,Mankrik-US,Warlock - Affliction,645,13624.73
osylvaineho,horde,Konklab,Grobbulus-US,Hunter - Marksmanship,629,13552.49
asilburnhp,horde,Cardguard,Grobbulus-US,Rogue - Assassination,641,12451.95
rchimeshq,horde,Temp,Grobbulus-US,Warlock - Affliction,633,12958.27
agatrellhr,alliance,Andalax,Benediction-US,Paladin - Retribution,633,12202.24
pmattenhs,alliance,Biodex,Arugal-US,Hunter - Marksmanship,633,13679.79
bpeterht,horde,Tres-Zap,Arugal-US,Hunter - Beast Mastery,633,13723.14
imiddashu,alliance,Alpha,Benediction-US,Mage - Arcane,633,13814.3
kewbankehv,alliance,Prodder,Pagle-US,DeathKnight - Unholy,645,14576.47
sellinorhw,alliance,Zaam-Dox,Whitemane-US,Warlock - Destruction,641,14392.41
frohmerhx,horde,Kanlam,Grobbulus-US,Shaman - Enhancement,645,13944.95
ebaalhamhy,horde,Namfix,Pagle-US,Warlock - Destruction,645,14103.19
stupiehz,alliance,Solarbreeze,Mankrik-US,Warlock - Affliction,629,14688.39
bforsdykei0,horde,Voltsillam,Benediction-US,Shaman - Elemental,633,13887.29
ggosenelli1,alliance,Stringtough,Whitemane-US,Warlock - Affliction,645,14053.18
mburfieldi2,alliance,Tampflex,Pagle-US,Warrior - Fury,629,12017.31
dgottelieri3,alliance,Pannier,Arugal-US,Shaman - Enhancement,645,13097.07
tcoxhelli4,alliance,Holdlamis,Pagle-US,DeathKnight - Frost,641,13753.23
xsarginsoni5,horde,Solarbreeze,Whitemane-US,Rogue - Subtlety,633,14908.23
hbullochi6,alliance,Konklab,Faerlina-US,DeathKnight - Unholy,633,14056.14
bheckneyi7,alliance,Toughjoyfax,Grobbulus-US,Priest - Shadow,641,14835.12
mtolertoni8,alliance,Stim,Mankrik-US,DeathKnight - Frost,641,13035.24
hraymenti9,horde,Opela,Grobbulus-US,Druid - Balance,641,13062.48
tbridatia,alliance,Hatity,Pagle-US,Shaman - Elemental,633,12837.65
nrumpib,alliance,Opela,Faerlina-US,Hunter - Survival,629,14785.36
jskewisic,horde,Regrant,Grobbulus-US,Rogue - Subtlety,629,12005.81
dcapelleid,horde,Cardguard,Benediction-US,Rogue - Combat,645,13811.36
imendenhallie,alliance,Andalax,Benediction-US,Mage - Fire,633,14482.63
mpearsallif,alliance,Otcom,Pagle-US,Shaman - Enhancement,645,13560.12
vspicerig,horde,Transcof,Pagle-US,Rogue - Combat,641,14779.25
ebreckonih,horde,Voyatouch,Pagle-US,DeathKnight - Blood (DPS),629,12180.21
rgregorinii,alliance,Bitwolf,Faerlina-US,Warlock - Destruction,629,12019.77
mcroucherij,horde,Daltfresh,Faerlina-US,Hunter - Beast Mastery,641,14768.34
rbursnellik,alliance,Bitwolf,Benediction-US,Mage - Frost,629,13967.08
gmacdearmidil,alliance,Job,Mankrik-US,Warrior - Fury,629,13603.43
tjepensenim,horde,Sub-Ex,Pagle-US,Hunter - Beast Mastery,633,13618.75
sbriersin,alliance,It,Benediction-US,Rogue - Subtlety,629,14374.55
slaybourneio,alliance,Stringtough,Pagle-US,Shaman - Elemental,641,13122.22
mfreynip,horde,Wrapsafe,Whitemane-US,Rogue - Combat,629,12141.05
amiddlebrookiq,alliance,Bytecard,Benediction-US,DeathKnight - Blood (DPS),641,13109.17
gblakeboroughir,horde,Duobam,Mankrik-US,Paladin - Retribution,629,12730.82
rhempelis,alliance,Stronghold,Pagle-US,Rogue - Combat,645,13816.52
bmoggachit,alliance,Treeflex,Pagle-US,Mage - Arcane,641,14901.27
nraineiu,horde,Flexidy,Faerlina-US,Warrior - Arms,645,13220.52
msylettiv,alliance,Bigtax,Pagle-US,Priest - Shadow,629,14228.25
estorriw,alliance,Andalax,Mankrik-US,Hunter - Beast Mastery,629,13401.25
snatwickix,alliance,Voyatouch,Grobbulus-US,Shaman - Elemental,633,12766.47
rmanuelliiy,horde,Sub-Ex,Whitemane-US,Druid - Balance,645,12722.92
vhurleriz,horde,Tampflex,Benediction-US,Mage - Arcane,633,14838.55
rlathburyj0,alliance,Flowdesk,Mankrik-US,Warlock - Destruction,633,14686.6
pdiblingj1,horde,Transcof,Pagle-US,Hunter - Marksmanship,633,14725.48
rvazj2,horde,Stronghold,Faerlina-US,DeathKnight - Frost,641,13188.3
bwetternj3,horde,Subin,Grobbulus-US,Shaman - Enhancement,633,13149.96
jdreusj4,horde,Sonsing,Mankrik-US,Hunter - Survival,645,14911.81
laynoldj5,alliance,Prodder,Benediction-US,Warrior - Fury,645,13291.16
trofej6,horde,Stringtough,Benediction-US,Mage - Fire,629,13864.02
bmeneuxj7,alliance,Job,Faerlina-US,Priest - Shadow,645,12828.72
ethirlwellj8,alliance,Opela,Whitemane-US,Hunter - Marksmanship,633,12090.13
bpigfordj9,horde,Cardify,Grobbulus-US,Warrior - Arms,629,12028.81
mflickerja,horde,Greenlam,Whitemane-US,Hunter - Marksmanship,645,13682.75
tsextenjb,alliance,Andalax,Whitemane-US,Priest - Shadow,645,13741.31
nsimcockjc,horde,Alpha,Faerlina-US,Priest - Shadow,641,14638.11
aosbaldstonejd,horde,Otcom,Grobbulus-US,Mage - Frost,633,13108.51
jhorriganje,horde,Vagram,Mankrik-US,Hunter - Beast Mastery,641,13816.11
tgriolijf,alliance,Treeflex,Benediction-US,Priest - Shadow,629,14277.81
bgrinikhinjg,horde,Alpha,Grobbulus-US,Rogue - Combat,633,13635.95
lhuntalljh,alliance,Keylex,Arugal-US,Warlock - Affliction,629,13563.33
pallabartonji,horde,Voltsillam,Grobbulus-US,DeathKnight - Unholy,641,12384.65
lsailejj,alliance,Domainer,Faerlina-US,Warlock - Destruction,645,13281.89
rscrivensjk,horde,Prodder,Mankrik-US,Paladin - Retribution,633,12656.7
ocowansjl,alliance,It,Faerlina-US,Mage - Arcane,645,12003.61
vtwiddyjm,alliance,Bitwolf,Faerlina-US,Druid - Balance,641,12564.28
jgallimorejn,horde,Alpha,Mankrik-US,Warrior - Fury,629,12754.15
ecradduckjo,horde,Alphazap,Benediction-US,DeathKnight - Blood (DPS),645,13916.71
hcoombejp,alliance,Zathin,Benediction-US,Hunter - Survival,641,13267.2
nellensjq,alliance,Gembucket,Pagle-US,Hunter - Beast Mastery,641,14622.15
mpardonjr,alliance,Veribet,Mankrik-US,Warrior - Fury,633,13531.86
asaffenjs,horde,Lotstring,Arugal-US,Warlock - Demonology,633,12062.52
kgockejt,horde,Greenlam,Mankrik-US,Hunter - Marksmanship,645,12947.55
gmccobbju,horde,Prodder,Arugal-US,Hunter - Beast Mastery,645,12996.02
ischoolingjv,alliance,Gembucket,Faerlina-US,Priest - Shadow,645,13458.0
hklimasjw,alliance,Sub-Ex,Grobbulus-US,Druid - Balance,629,12072.48
mkenlinjx,horde,Latlux,Faerlina-US,Druid - Balance,641,14617.55
ekebelljy,alliance,Lotstring,Arugal-US,Paladin - Retribution,633,13962.57
mkinnochjz,horde,Bitwolf,Mankrik-US,Druid - Feral,633,13641.16
ctoppk0,alliance,Tin,Pagle-US,Warlock - Destruction,633,12931.3
mtaytk1,alliance,Flexidy,Mankrik-US,Warlock - Demonology,633,13331.6
fgallandersk2,alliance,Veribet,Grobbulus-US,Mage - Frost,641,12865.02
gwyattk3,horde,Greenlam,Grobbulus-US,Hunter - Beast Mastery,633,14779.45
lberstonk4,alliance,Toughjoyfax,Grobbulus-US,Mage - Fire,629,12320.8
mpalkk5,horde,Cardify,Whitemane-US,DeathKnight - Unholy,645,14334.8
ktilleyk6,alliance,Zontrax,Arugal-US,Shaman - Enhancement,629,14786.34
lwakeleyk7,alliance,Overhold,Arugal-US,Warlock - Demonology,629,13717.5
gfarahark8,alliance,Span,Mankrik-US,Hunter - Survival,629,14962.45
dgammellk9,alliance,Tampflex,Faerlina-US,Druid - Feral,633,13614.4
wmeasureska,alliance,Subin,Grobbulus-US,Shaman - Elemental,633,13885.98
tramshawkb,horde,Y-Solowarm,Grobbulus-US,Warrior - Arms,633,14827.13
sbachskc,horde,Alpha,Arugal-US,DeathKnight - Blood (DPS),629,12941.86
rproctorkd,horde,Holdlamis,Pagle-US,Mage - Frost,641,13621.24
lpinelke,alliance,Vagram,Arugal-US,Priest - Shadow,641,13456.61
sbirrelkf,horde,Job,Whitemane-US,Warlock - Demonology,633,14686.89
medworthyekg,alliance,Sonsing,Pagle-US,Mage - Frost,629,12736.19
gtreslerkh,horde,Sonair,Pagle-US,DeathKnight - Blood (DPS),633,12313.77
saxellki,alliance,Wrapsafe,Pagle-US,Shaman - Elemental,645,14678.83
cpresleykj,alliance,Ronstring,Benediction-US,Shaman - Enhancement,633,12027.99
bnoonankk,alliance,Viva,Arugal-US,Mage - Arcane,645,13991.35
mtokellkl,horde,Domainer,Benediction-US,Warrior - Fury,633,13381.54
kmcgilbenkm,horde,Asoka,Pagle-US,Druid - Feral,629,13084.3
mloudyankn,horde,Subin,Grobbulus-US,Warrior - Fury,645,12185.04
bhennemannko,alliance,Stringtough,Mankrik-US,Warrior - Fury,633,14406.61
alorekkp,alliance,Transcof,Benediction-US,Mage - Frost,645,13487.75
ppachekq,alliance,Ronstring,Mankrik-US,Rogue - Assassination,641,14485.78
fcaraskr,horde,Transcof,Whitemane-US,Rogue - Combat,629,13282.89
slozanoks,horde,Stringtough,Benediction-US,Hunter - Survival,629,14119.52
akneafseykt,horde,Home Ing,Grobbulus-US,Warlock - Affliction,629,12736.94
ewiltshireku,alliance,Subin,Benediction-US,Shaman - Enhancement,633,14201.88
croisenkv,alliance,Andalax,Pagle-US,Priest - Shadow,645,12295.87
fcosinskw,alliance,Viva,Pagle-US,Paladin - Retribution,641,13975.45
relleringtonkx,alliance,Span,Pagle-US,Rogue - Combat,645,13207.15
ncoilsky,horde,Solarbreeze,Whitemane-US,DeathKnight - Blood (DPS),629,14652.7
iwickeykz,alliance,Fixflex,Whitemane-US,Priest - Shadow,645,14127.09
doldroydel0,horde,Home Ing,Mankrik-US,Rogue - Subtlety,641,12959.2
dfreschil1,horde,Cookley,Mankrik-US,Mage - Frost,633,13352.65
sgeneryl2,horde,Toughjoyfax,Faerlina-US,Hunter - Survival,629,12932.74
mbinnelll3,horde,Prodder,Pagle-US,Warlock - Destruction,641,14525.65
ecapaldil4,horde,Asoka,Pagle-US,DeathKnight - Unholy,633,14992.46
aanwelll5,horde,Tresom,Mankrik-US,DeathKnight - Blood (DPS),645,14708.12
schristoffel6,alliance,Konklab,Whitemane-US,Druid - Balance,629,13198.74
tselbyl7,horde,Fintone,Pagle-US,Mage - Frost,641,12122.25
mmacnabl8,alliance,Toughjoyfax,Arugal-US,Warlock - Destruction,629,12859.01
rdilworthl9,alliance,Zamit,Benediction-US,Mage - Frost,645,14529.57
ggasnollla,horde,Bitchip,Grobbulus-US,Rogue - Subtlety,641,14345.24
belwelllb,horde,Overhold,Pagle-US,Warlock - Affliction,645,13819.52
flawdenlc,alliance,Tres-Zap,Pagle-US,Rogue - Assassination,641,12822.13
haseefld,horde,Ventosanzap,Grobbulus-US,Warlock - Destruction,641,12135.25
blavignele,alliance,Lotlux,Grobbulus-US,Priest - Shadow,641,13947.32
lhabbeslf,alliance,Andalax,Mankrik-US,Druid - Feral,633,12429.28
fstammirslg,alliance,Ventosanzap,Pagle-US,Rogue - Assassination,645,14426.56
tocheltreelh,alliance,Opela,Grobbulus-US,Shaman - Enhancement,645,12163.38
bhorlickli,alliance,Bytecard,Faerlina-US,DeathKnight - Unholy,645,13420.64
tpeytolj,alliance,Y-find,Pagle-US,Rogue - Subtlety,641,13251.97
molnerlk,alliance,Keylex,Grobbulus-US,Warrior - Arms,641,14100.57
rshieldonll,horde,It,Arugal-US,Druid - Feral,641,12215.23
eganderlm,alliance,Gembucket,Pagle-US,Mage - Frost,641,14477.19
lferbyln,alliance,Redhold,Arugal-US,Warrior - Fury,645,14153.97
abarbarylo,alliance,Alphazap,Whitemane-US,Warlock - Affliction,633,12306.43
pblythlp,horde,Trippledex,Arugal-US,Hunter - Marksmanship,629,14503.22
sbrewittlq,horde,Pannier,Mankrik-US,Warlock - Affliction,629,13583.42
ipriselr,alliance,Tempsoft,Benediction-US,Warlock - Demonology,629,14357.0
dyoungels,alliance,Fixflex,Faerlina-US,Warrior - Fury,633,14181.44
lsimonettlt,alliance,Voltsillam,Whitemane-US,Mage - Arcane,633,12940.83
lstubbinlu,alliance,Cardguard,Whitemane-US,Warrior - Fury,633,14533.78
oholhouselv,alliance,Regrant,Mankrik-US,Druid - Feral,633,12422.96
wlipscomblw,alliance,Toughjoyfax,Faerlina-US,Hunter - Survival,633,12456.21
wsabatinilx,horde,Cardguard,Mankrik-US,Warlock - Demonology,641,14163.05
wtirely,alliance,Gembucket,Arugal-US,DeathKnight - Unholy,645,14955.56
cmacdonelllz,horde,It,Grobbulus-US,Druid - Feral,629,13954.86
rtwentymanm0,horde,Duobam,Pagle-US,Rogue - Assassination,633,12176.46
mstutherm1,alliance,Rank,Grobbulus-US,Hunter - Marksmanship,633,13816.73
mdrewcliftonm2,alliance,Tin,Pagle-US,Druid - Feral,641,12334.41
twealleansm3,alliance,Bitwolf,Benediction-US,DeathKnight - Frost,629,12996.92
bwrigleym4,alliance,Fixflex,Grobbulus-US,Hunter - Marksmanship,629,12910.17
mhowtonm5,alliance,Ronstring,Benediction-US,Rogue - Combat,633,13390.5
dbatkinm6,horde,Daltfresh,Benediction-US,Mage - Fire,629,14167.84
cfoucardm7,horde,Span,Mankrik-US,Hunter - Marksmanship,629,14793.93
gtremainem8,horde,Sub-Ex,Whitemane-US,Rogue - Assassination,645,14263.6
dseabournem9,alliance,Ventosanzap,Whitemane-US,Rogue - Assassination,633,13751.65
ggollingma,horde,Voltsillam,Grobbulus-US,Shaman - Enhancement,633,12389.2
yhucmb,alliance,Alpha,Whitemane-US,Hunter - Beast Mastery,629,13389.1
kackensonmc,alliance,Solarbreeze,Mankrik-US,Priest - Shadow,633,14494.56
rodonohoemd,alliance,Fixflex,Pagle-US,Shaman - Enhancement,645,12450.97
ttavernorme,horde,Flexidy,Mankrik-US,Hunter - Beast Mastery,641,14756.5
hlemarmf,alliance,Home Ing,Grobbulus-US,Mage - Frost,633,14513.22
seyrlmg,horde,Tampflex,Arugal-US,Druid - Feral,629,14019.5
tedmonstonmh,alliance,Daltfresh,Arugal-US,Druid - Balance,629,13117.39
zbraziermi,alliance,Regrant,Benediction-US,Mage - Fire,633,12891.52
cpirellimj,horde,Bitchip,Benediction-US,Rogue - Combat,633,13282.9
awimpeneymk,horde,Tres-Zap,Faerlina-US,Warlock - Demonology,645,13647.65
btrulockml,alliance,Zathin,Benediction-US,Paladin - Retribution,641,13508.22
esansburymm,alliance,Flowdesk,Arugal-US,Hunter - Beast Mastery,629,14671.58
jtyghtmn,horde,Subin,Arugal-US,DeathKnight - Blood (DPS),645,13853.02
ssmoutmo,alliance,Flowdesk,Pagle-US,Priest - Shadow,641,14759.84
bpawellekmp,horde,Alphazap,Mankrik-US,Hunter - Survival,645,13397.01
sgianellimq,alliance,Tin,Grobbulus-US,Rogue - Combat,641,14999.31
kileymr,alliance,Stronghold,Whitemane-US,Warlock - Affliction,633,13564.27
gchidlerms,alliance,Sonsing,Arugal-US,Mage - Arcane,641,14395.52
bbaszkiewiczmt,alliance,Vagram,Whitemane-US,DeathKnight - Blood (DPS),641,12521.92
mnavarijomu,alliance,Lotstring,Mankrik-US,Warrior - Arms,633,13250.76
dfontesmv,alliance,Zoolab,Whitemane-US,DeathKnight - Unholy,633,12478.57
vspottswoodmw,horde,Tampflex,Pagle-US,Rogue - Assassination,641,12023.98
jlivermx,horde,Stringtough,Pagle-US,Rogue - Assassination,645,13645.43
bmcgookinmy,horde,Zoolab,Benediction-US,Rogue - Combat,629,12299.04
rrubanenkomz,horde,Holdlamis,Faerlina-US,Rogue - Combat,633,13989.14
jfarnonn0,horde,Treeflex,Grobbulus-US,Warrior - Arms,641,13674.14
tsaketn1,alliance,Regrant,Pagle-US,Paladin - Retribution,641,14680.71
mtamplingn2,alliance,Hatity,Whitemane-US,DeathKnight - Blood (DPS),633,13395.77
chancen3,alliance,Cardify,Arugal-US,DeathKnight - Frost,645,12977.7
wirnisn4,alliance,Job,Mankrik-US,Rogue - Assassination,641,13492.08
hbaconn5,alliance,Matsoft,Whitemane-US,Paladin - Retribution,645,12005.23
lsmalingn6,alliance,Flowdesk,Whitemane-US,Hunter - Marksmanship,641,13292.33
rvaynen7,alliance,Latlux,Faerlina-US,Warlock - Affliction,629,12823.47
mallmondn8,horde,Ronstring,Whitemane-US,Warlock - Demonology,645,12250.52
cluetchfordn9,alliance,Duobam,Benediction-US,DeathKnight - Frost,629,14834.37
kmaccleodna,alliance,Bitwolf,Arugal-US,Paladin - Retribution,645,14767.69
mcoupmannb,horde,Sonair,Pagle-US,DeathKnight - Blood (DPS),641,13180.71
ateresianc,horde,Ventosanzap,Mankrik-US,Warlock - Affliction,629,12217.36
hvanderbruggend,alliance,Pannier,Arugal-US,DeathKnight - Blood (DPS),645,14475.84
ecollynsne,alliance,Aerified,Benediction-US,Warlock - Affliction,641,12456.52
sdaenennf,horde,Pannier,Mankrik-US,Mage - Frost,629,13199.02
gwortng,horde,Stringtough,Mankrik-US,Rogue - Combat,633,12984.64
tcommuccinh,horde,Biodex,Pagle-US,Warlock - Destruction,633,14429.58
jleveneni,horde,Prodder,Mankrik-US,DeathKnight - Blood (DPS),645,12887.08
hmiskennj,horde,Toughjoyfax,Arugal-US,Warlock - Destruction,633,12876.34
caaronnk,alliance,Gembucket,Benediction-US,DeathKnight - Frost,641,14430.34
gbromenl,alliance,Regrant,Whitemane-US,Priest - Shadow,633,14061.56
hleandernm,horde,Gembucket,Whitemane-US,Rogue - Assassination,629,14818.58
bstermannn,horde,Treeflex,Faerlina-US,Druid - Balance,641,13225.03
rmillamno,horde,Daltfresh,Pagle-US,Rogue - Combat,633,12067.9
chextnp,horde,Zamit,Arugal-US,Druid - Feral,633,12251.25
iturleynq,alliance,Alphazap,Pagle-US,Warlock - Destruction,633,13464.33
aorrocknr,alliance,Alphazap,Arugal-US,Warrior - Fury,645,14188.71
csidneyns,alliance,Viva,Arugal-US,Warrior - Arms,645,13973.35
zdacknt,horde,Namfix,Whitemane-US,Hunter - Survival,645,12920.49
ggodleenu,alliance,Cookley,Mankrik-US,Priest - Shadow,629,13416.13
kreamannv,horde,Tresom,Grobbulus-US,Hunter - Survival,633,12641.0
sgoodernw,alliance,Zontrax,Grobbulus-US,Shaman - Elemental,641,14937.52
mmcsheenx,horde,Bamity,Whitemane-US,Rogue - Assassination,629,14513.34
candreassenny,alliance,Zaam-Dox,Faerlina-US,Warrior - Arms,645,12474.21
mmcbridenz,horde,Cookley,Faerlina-US,Paladin - Retribution,645,14740.24
kmellero0,horde,Tres-Zap,Grobbulus-US,Priest - Shadow,629,12368.09
jjenckeno1,horde,Alphazap,Mankrik-US,Paladin - Retribution,629,13317.49
gworldo2,alliance,Flowdesk,Pagle-US,Rogue - Assassination,645,13031.92
dbardello3,alliance,Bitwolf,Whitemane-US,Warrior - Arms,633,14653.0
gwakleyo4,horde,Trippledex,Pagle-US,Druid - Feral,645,14825.01
mpipeto5,alliance,Overhold,Benediction-US,Hunter - Marksmanship,629,14426.54
krudderhamo6,alliance,Solarbreeze,Mankrik-US,Shaman - Enhancement,629,13753.93
bpattingtono7,alliance,Transcof,Pagle-US,Hunter - Survival,629,12899.18
cdunkerlyo8,alliance,Redhold,Faerlina-US,Rogue - Subtlety,629,12659.94
hquixleyo9,horde,Transcof,Whitemane-US,Priest - Shadow,645,13688.08
zhillborneoa,alliance,Hatity,Grobbulus-US,Priest - Shadow,641,14289.95
amershob,alliance,Solarbreeze,Arugal-US,DeathKnight - Frost,629,14006.52
amchughoc,horde,Stim,Mankrik-US,Mage - Frost,641,12957.03
kplunketod,alliance,Sub-Ex,Whitemane-US,Rogue - Combat,645,14349.1
cpeekoe,alliance,Bytecard,Whitemane-US,Shaman - Enhancement,641,14193.63
bfrazerof,alliance,Domainer,Pagle-US,Hunter - Marksmanship,641,12018.56
lvynardeog,horde,Bytecard,Mankrik-US,Shaman - Enhancement,645,13487.41
yisaakoh,alliance,Alpha,Benediction-US,Warrior - Arms,633,13749.81
asawardoi,alliance,Sonsing,Pagle-US,Warrior - Fury,641,14065.88
bscardefieldoj,alliance,Stim,Grobbulus-US,DeathKnight - Unholy,645,12317.19
mbruntonok,alliance,Stim,Whitemane-US,Mage - Frost,633,12817.76
krodenburghol,horde,Greenlam,Arugal-US,Shaman - Enhancement,629,13797.84
lclemettom,alliance,Zaam-Dox,Mankrik-US,DeathKnight - Frost,645,14899.01
dgerrietson,horde,Redhold,Whitemane-US,Hunter - Marksmanship,641,14168.62
rmarcqoo,alliance,Asoka,Whitemane-US,Rogue - Subtlety,633,12034.95
hogleyop,horde,Lotstring,Pagle-US,Mage - Arcane,645,12058.72
fhollingsheadoq,horde,Treeflex,Arugal-US,Hunter - Survival,645,12222.66
tyakubovor,alliance,Vagram,Mankrik-US,Warlock - Destruction,633,14842.89
fbandeyos,horde,Gembucket,Pagle-US,Druid - Balance,645,12693.25
nhuzzeyot,alliance,Voyatouch,Benediction-US,Shaman - Elemental,645,13039.05
kroarkou,alliance,Andalax,Arugal-US,Shaman - Enhancement,629,13449.23
rkyntonov,alliance,Aerified,Mankrik-US,DeathKnight - Frost,645,13069.8
lprobbinow,horde,Treeflex,Faerlina-US,Rogue - Subtlety,629,14329.14
saxelox,horde,Cardify,Mankrik-US,Rogue - Subtlety,629,13568.53
cpeascodoy,horde,Cardify,Faerlina-US,Warrior - Arms,633,12716.35
spacheoz,alliance,Ronstring,Mankrik-US,Druid - Balance,641,14555.97
fodoghestyp0,horde,Zontrax,Whitemane-US,Warrior - Arms,633,13427.76
dmaylingp1,horde,Prodder,Whitemane-US,Hunter - Marksmanship,641,14900.34
lsillep2,horde,Tresom,Pagle-US,Druid - Feral,641,12337.97
bmephanp3,horde,Vagram,Whitemane-US,Rogue - Subtlety,641,14200.82
hhubbardp4,horde,Sonair,Arugal-US,Warrior - Fury,645,14101.73
ldepportp5,alliance,Asoka,Grobbulus-US,Warlock - Affliction,641,14710.53
mbindonp6,horde,Wrapsafe,Whitemane-US,DeathKnight - Unholy,629,14826.43
rlambp7,horde,Namfix,Faerlina-US,Druid - Balance,629,14144.9
mromeip8,horde,Cardify,Whitemane-US,Priest - Shadow,633,14169.77
fmaccarranep9,horde,Zoolab,Arugal-US,Rogue - Assassination,633,14130.3
jmitropa,alliance,Mat Lam Tam,Whitemane-US,Hunter - Marksmanship,645,14245.11
hyosselevitchpb,alliance,Fintone,Pagle-US,Mage - Fire,641,12421.21
vchateaupc,alliance,Tin,Benediction-US,Paladin - Retribution,633,13269.58
scantillonpd,alliance,Y-find,Benediction-US,Warrior - Arms,645,13983.63
egabbottpe,horde,Zaam-Dox,Arugal-US,Rogue - Assassination,645,14588.18
tstrettonpf,alliance,Wrapsafe,Arugal-US,Warlock - Destruction,641,12227.35
foronanpg,alliance,Sonair,Benediction-US,Warrior - Arms,641,14323.9
byvensph,horde,Sub-Ex,Mankrik-US,Mage - Frost,633,14568.76
ssommerpi,alliance,Gembucket,Benediction-US,Paladin - Retribution,629,13822.32
mwestwaterpj,horde,Tresom,Pagle-US,Warrior - Fury,633,13871.35
bdalgleishpk,alliance,Bytecard,Benediction-US,DeathKnight - Frost,641,12197.72
gmalinowskipl,alliance,Zaam-Dox,Grobbulus-US,Mage - Fire,645,13251.19
jbasellipm,alliance,Regrant,Grobbulus-US,Priest - Shadow,629,13353.92
rgreenoughpn,horde,Andalax,Benediction-US,Mage - Fire,633,13288.3
qyushkovpo,horde,Domainer,Arugal-US,Warlock - Affliction,629,14036.61
mpybworthpp,horde,Span,Arugal-US,Warlock - Demonology,641,13180.36
wpounsettpq,horde,Sub-Ex,Benediction-US,Paladin - Retribution,629,12204.26
rcowinspr,alliance,Sub-Ex,Grobbulus-US,Druid - Balance,633,13616.79
adorranps,alliance,Kanlam,Pagle-US,Warlock - Affliction,633,13998.08
gdanihelpt,horde,Zontrax,Arugal-US,Paladin - Retribution,633,14595.44
shassettpu,horde,Vagram,Arugal-US,Rogue - Assassination,641,14406.39
dheedpv,horde,Job,Benediction-US,Warrior - Arms,641,12609.23
deakepw,alliance,Namfix,Pagle-US,Warlock - Affliction,629,12889.89
btatherpx,horde,Zamit,Faerlina-US,DeathKnight - Frost,633,13939.88
hgorthypy,horde,Temp,Benediction-US,Druid - Balance,633,12924.85
wwindresspz,horde,Sonsing,Faerlina-US,Mage - Frost,641,12630.28
hmcettrickq0,alliance,Zoolab,Whitemane-US,Mage - Arcane,629,12179.48
wmcauslandq1,horde,Konklab,Mankrik-US,Priest - Shadow,629,13044.02
ishowerq2,alliance,Stringtough,Pagle-US,Rogue - Subtlety,633,12360.74
daldhousq3,horde,Veribet,Mankrik-US,Rogue - Subtlety,645,14895.59
mdemariaq4,horde,Kanlam,Benediction-US,Rogue - Subtlety,633,13486.87
cvuittetq5,alliance,Flexidy,Arugal-US,Warrior - Fury,641,12200.86
glacotteq6,horde,Zoolab,Whitemane-US,Mage - Fire,641,13485.39
fcawsbyq7,horde,Latlux,Benediction-US,DeathKnight - Unholy,633,12517.21
dboothroydq8,alliance,Overhold,Arugal-US,Mage - Arcane,629,13616.33
vcunradiq9,alliance,Greenlam,Faerlina-US,Priest - Shadow,645,14917.09
koleshuninqa,horde,Voyatouch,Whitemane-US,Rogue - Subtlety,645,12637.61
kperellqb,horde,Span,Whitemane-US,DeathKnight - Blood (DPS),633,14442.17
aeddinsqc,alliance,Rank,Whitemane-US,Rogue - Subtlety,629,13658.21
gmargrieqd,horde,Tresom,Faerlina-US,Rogue - Assassination,641,14212.29
lbendtsenqe,horde,Alphazap,Pagle-US,DeathKnight - Unholy,633,13222.13
jcuttleqf,alliance,Regrant,Mankrik-US,Mage - Arcane,641,13011.83
vscandrettqg,horde,Treeflex,Grobbulus-US,Rogue - Combat,641,14063.33
teddisqh,alliance,Treeflex,Whitemane-US,Warlock - Destruction,629,12145.42
svareyqi,horde,Veribet,Arugal-US,Priest - Shadow,629,12087.92
ccholwellqj,alliance,Span,Benediction-US,Warlock - Affliction,633,14743.33
bknapperqk,horde,Trippledex,Mankrik-US,Rogue - Assassination,645,12371.17
focaheyql,horde,Fixflex,Benediction-US,Rogue - Subtlety,641,14379.0
mcescotiqm,alliance,Bitwolf,Grobbulus-US,Druid - Balance,633,12990.04
fickoviczqn,horde,Zontrax,Whitemane-US,Warrior - Fury,629,13051.6
cmacconachyqo,horde,Bitwolf,Pagle-US,Druid - Feral,633,13336.36
zspiringqp,horde,Solarbreeze,Pagle-US,Shaman - Elemental,641,14987.25
vswinyardqq,alliance,Quo Lux,Pagle-US,Mage - Fire,641,12430.85
podriscollqr,horde,Lotlux,Grobbulus-US,Shaman - Elemental,641,14782.79
rjosilowskiqs,alliance,Latlux,Grobbulus-US,Rogue - Assassination,633,14751.39
rsiseyqt,alliance,Zontrax,Benediction-US,DeathKnight - Blood (DPS),645,12702.46
upadrickqu,horde,Opela,Grobbulus-US,Mage - Fire,633,13219.62
drichleyqv,alliance,Bitchip,Faerlina-US,Shaman - Enhancement,645,14564.57
aolinqw,horde,Zaam-Dox,Faerlina-US,Warlock - Demonology,629,13152.78
lpuncherqx,horde,Veribet,Grobbulus-US,Mage - Frost,633,13277.01
mbaudinoqy,alliance,Stim,Arugal-US,Warrior - Arms,645,12477.48
dtoupeqz,horde,Quo Lux,Pagle-US,Rogue - Subtlety,633,13364.08
tcrannyr0,alliance,Bytecard,Benediction-US,Warlock - Demonology,629,13376.46
gphillippsr1,horde,Zamit,Grobbulus-US,Shaman - Enhancement,633,12754.07
aadranr2,horde,Wrapsafe,Mankrik-US,Rogue - Combat,645,12090.75
againforthr3,alliance,Quo Lux,Grobbulus-US,Shaman - Enhancement,629,12844.74
maldrichr4,alliance,Toughjoyfax,Benediction-US,DeathKnight - Blood (DPS),633,13551.06
nsunderlandr5,alliance,Home Ing,Whitemane-US,Rogue - Combat,641,14794.44
stronir6,alliance,Transcof,Mankrik-US,Warlock - Demonology,645,13907.38
pshrigleyr7,horde,Y-find,Benediction-US,Warrior - Fury,629,12825.91
pbonomer8,horde,Cardify,Whitemane-US,Shaman - Enhancement,629,13286.2
mwightmanr9,alliance,Voltsillam,Benediction-US,Mage - Fire,633,13472.84
sgisbornera,horde,Bitwolf,Whitemane-US,Shaman - Enhancement,629,13144.2
aguilletrb,horde,Flexidy,Mankrik-US,Mage - Frost,645,14168.69
csandilandsrc,alliance,Fix San,Faerlina-US,Warlock - Destruction,633,14052.14
kticklerd,alliance,Konklab,Faerlina-US,Warlock - Destruction,629,12779.22
jbeardshawre,alliance,Opela,Grobbulus-US,Mage - Arcane,645,12150.09
mbisphamrf,horde,Zaam-Dox,Faerlina-US,Druid - Balance,633,14919.5
mjefferysrg,horde,Trippledex,Faerlina-US,Warrior - Fury,629,12515.11
estockleyrh,alliance,Solarbreeze,Faerlina-US,Rogue - Subtlety,629,12800.24
clinnockri,alliance,Duobam,Faerlina-US,Rogue - Subtlety,641,13133.21
hgowthorperj,horde,Latlux,Whitemane-US,Mage - Fire,629,13985.83
akinnachrk,horde,Subin,Grobbulus-US,DeathKnight - Unholy,641,12983.35
ahaggardrl,alliance,Ventosanzap,Whitemane-US,DeathKnight - Frost,641,14132.92
clettrm,alliance,Namfix,Faerlina-US,DeathKnight - Blood (DPS),645,12513.88
jbrockiern,horde,Stronghold,Grobbulus-US,Warrior - Arms,645,14187.99
fgooldro,horde,Prodder,Whitemane-US,Druid - Balance,641,12031.91
ksmeedrp,alliance,Alpha,Pagle-US,Mage - Fire,629,12996.78
lgarrawayrq,horde,Wrapsafe,Arugal-US,Priest - Shadow,633,13968.25
ewoollerrr,alliance,Fixflex,Grobbulus-US,Hunter - Marksmanship,645,14319.33
